1,1,118.00,157.54,79.99,171.14,0.8484,-1,-1,-1
1,2,16.01,148.76,74.71,190.85,0.8159,-1,-1,-1
2,1,118.40,155.04,81.52,174.37,0.8474,-1,-1,-1
2,2,16.78,145.53,76.07,194.44,0.8564,-1,-1,-1
3,1,116.82,153.84,82.21,177.00,0.7125,-1,-1,-1
3,2,18.76,138.31,79.12,202.68,0.8289,-1,-1,-1
4,1,125.77,154.02,83.13,179.11,0.8467,-1,-1,-1
4,2,23.56,141.75,78.31,201.12,0.8197,-1,-1,-1
5,1,134.17,156.33,83.75,180.29,0.8143,-1,-1,-1
5,2,29.99,139.99,80.23,206.94,0.8697,-1,-1,-1
6,1,140.62,155.31,85.43,183.78,0.8338,-1,-1,-1
6,2,33.03,140.40,81.05,209.23,0.8531,-1,-1,-1
6,4,223.00,197.95,20.70,66.94,0.6154,-1,-1,-1
6,5,268.54,198.17,23.83,66.29,0.5848,-1,-1,-1
7,1,144.79,153.06,86.98,187.04,0.8595,-1,-1,-1
7,2,36.67,140.15,81.18,210.28,0.8357,-1,-1,-1
7,4,227.15,198.34,20.53,66.09,0.6563,-1,-1,-1
7,5,274.39,199.07,22.95,63.65,0.6744,-1,-1,-1
8,1,151.32,152.68,88.49,190.28,0.8705,-1,-1,-1
8,2,40.27,139.95,82.10,213.32,0.8246,-1,-1,-1
8,4,235.04,199.88,20.48,65.54,0.6827,-1,-1,-1
8,5,281.14,200.48,23.45,64.78,0.5862,-1,-1,-1
9,1,155.79,151.84,89.62,193.06,0.8672,-1,-1,-1
9,2,44.94,139.97,82.12,214.12,0.8304,-1,-1,-1
9,4,242.34,202.97,19.95,63.19,0.5636,-1,-1,-1
9,5,288.02,199.93,23.83,65.70,0.7195,-1,-1,-1
9,7,269.53,198.77,20.84,66.24,0.6477,-1,-1,-1
10,1,162.12,148.92,91.32,197.37,0.8699,-1,-1,-1
10,2,48.73,136.35,84.36,219.70,0.8570,-1,-1,-1
10,4,251.10,198.76,21.35,67.09,0.6476,-1,-1,-1
10,5,295.93,201.20,23.67,64.99,0.6351,-1,-1,-1
11,1,168.39,147.51,92.57,200.78,0.8611,-1,-1,-1
11,2,53.92,135.44,85.27,222.05,0.8677,-1,-1,-1
11,4,256.47,200.48,20.79,65.11,0.4890,-1,-1,-1
11,5,304.27,201.28,23.44,64.67,0.6469,-1,-1,-1
11,8,144.52,195.72,24.24,69.86,0.5637,-1,-1,-1
12,1,178.39,147.40,94.25,204.83,0.8704,-1,-1,-1
12,2,60.54,131.65,88.12,230.75,0.8809,-1,-1,-1
12,5,314.45,204.53,22.90,63.20,0.5016,-1,-1,-1
12,8,153.83,197.76,24.08,69.06,0.5749,-1,-1,-1
12,7,270.79,199.51,21.68,68.52,0.6251,-1,-1,-1
13,1,183.68,147.09,96.18,208.83,0.8587,-1,-1,-1
13,2,66.74,138.56,86.58,226.46,0.8563,-1,-1,-1
13,5,320.74,197.60,25.41,70.36,0.4617,-1,-1,-1
13,8,160.97,196.98,24.78,70.60,0.5691,-1,-1,-1
13,7,275.21,200.10,21.77,68.48,0.5106,-1,-1,-1
14,1,194.15,145.51,97.28,211.99,0.8290,-1,-1,-1
14,2,76.11,131.23,89.30,235.87,0.8715,-1,-1,-1
14,5,332.08,202.97,23.43,65.14,0.3741,-1,-1,-1
14,8,171.27,196.26,25.17,71.22,0.5988,-1,-1,-1
15,1,205.44,145.08,98.69,215.80,0.8599,-1,-1,-1
15,2,83.38,135.79,88.67,234.53,0.8602,-1,-1,-1
15,5,345.32,204.71,23.53,64.65,0.6195,-1,-1,-1
15,8,182.52,197.49,25.24,70.96,0.6604,-1,-1,-1
16,1,212.16,144.45,99.36,217.00,0.8458,-1,-1,-1
16,2,82.72,127.49,92.39,243.50,0.8776,-1,-1,-1
16,5,353.71,201.35,24.49,66.73,0.5434,-1,-1,-1
16,8,188.56,194.64,25.71,71.60,0.6426,-1,-1,-1
16,12,300.80,199.04,22.47,66.82,0.6868,-1,-1,-1
16,14,329.79,195.99,24.29,70.46,0.5508,-1,-1,-1
17,1,216.99,141.07,102.29,222.22,0.7738,-1,-1,-1
17,2,85.53,124.80,93.77,247.42,0.8982,-1,-1,-1
17,8,192.24,193.33,25.94,71.76,0.6422,-1,-1,-1
17,12,305.35,196.55,23.27,69.16,0.5980,-1,-1,-1
17,14,333.34,195.59,24.04,69.81,0.4471,-1,-1,-1
18,1,219.96,138.45,105.69,228.58,0.8572,-1,-1,-1
18,2,86.08,124.11,95.63,252.01,0.9013,-1,-1,-1
18,8,196.16,194.31,25.63,70.51,0.5464,-1,-1,-1
18,12,310.21,195.16,23.83,71.00,0.7058,-1,-1,-1
19,1,221.67,134.34,108.56,233.97,0.8666,-1,-1,-1
19,2,84.47,120.05,97.50,256.85,0.9064,-1,-1,-1
19,8,197.82,193.18,25.78,70.25,0.5145,-1,-1,-1
19,12,312.27,192.83,24.03,71.43,0.6221,-1,-1,-1
20,1,219.53,129.98,111.49,239.87,0.8877,-1,-1,-1
20,2,80.13,114.88,99.94,263.65,0.9029,-1,-1,-1
20,8,196.58,189.08,26.60,72.07,0.5803,-1,-1,-1
21,1,218.12,127.03,114.65,246.36,0.8791,-1,-1,-1
21,2,75.79,109.15,103.10,272.48,0.8988,-1,-1,-1
21,8,195.45,186.87,27.27,73.81,0.6602,-1,-1,-1
21,15,41.25,186.40,28.10,69.58,0.5713,-1,-1,-1
22,1,217.28,123.56,117.53,252.58,0.8829,-1,-1,-1
22,2,71.43,104.63,105.73,279.57,0.8850,-1,-1,-1
22,8,196.02,185.82,27.21,73.67,0.3509,-1,-1,-1
22,15,41.55,183.81,28.57,70.75,0.4103,-1,-1,-1
23,1,216.38,122.76,120.56,259.73,0.8812,-1,-1,-1
23,2,68.99,103.72,108.66,287.99,0.8965,-1,-1,-1
23,8,198.48,188.60,27.05,73.51,0.5789,-1,-1,-1
23,15,46.75,189.44,27.35,68.10,0.3665,-1,-1,-1
24,1,218.50,121.19,122.26,265.10,0.7988,-1,-1,-1
24,2,67.03,103.19,111.06,294.18,0.8602,-1,-1,-1
25,1,223.28,120.22,124.59,273.79,0.8810,-1,-1,-1
25,2,63.95,102.29,114.34,302.50,0.8911,-1,-1,-1
26,1,224.30,117.02,126.06,280.75,0.8712,-1,-1,-1
26,2,60.52,100.30,116.99,309.02,0.8826,-1,-1,-1
27,1,228.20,113.75,127.40,287.72,0.8809,-1,-1,-1
27,2,57.70,96.53,119.63,315.49,0.8972,-1,-1,-1
28,1,231.82,111.33,128.36,294.25,0.8851,-1,-1,-1
28,2,55.64,94.27,122.38,322.53,0.9022,-1,-1,-1
29,1,231.26,106.57,131.03,302.05,0.8659,-1,-1,-1
29,2,52.52,88.07,127.13,335.23,0.8817,-1,-1,-1
30,1,231.44,103.58,133.24,309.39,0.8839,-1,-1,-1
30,2,49.62,84.42,130.66,344.27,0.8888,-1,-1,-1
31,1,236.58,99.33,135.70,319.26,0.8790,-1,-1,-1
31,2,46.17,80.72,134.41,352.69,0.8946,-1,-1,-1
32,1,243.14,96.63,138.25,329.98,0.8769,-1,-1,-1
32,2,45.07,77.76,138.34,362.84,0.8790,-1,-1,-1
33,1,250.52,91.27,140.33,338.20,0.8614,-1,-1,-1
33,2,48.75,71.94,141.63,372.89,0.8887,-1,-1,-1
33,14,361.40,186.79,26.07,75.22,0.6280,-1,-1,-1
34,1,260.10,88.78,143.58,349.57,0.8579,-1,-1,-1
34,2,54.76,69.99,144.28,380.95,0.8851,-1,-1,-1
34,19,424.05,187.77,27.74,78.35,0.6605,-1,-1,-1
34,14,367.46,186.75,26.94,76.50,0.6828,-1,-1,-1
35,1,267.42,87.53,147.57,359.43,0.8551,-1,-1,-1
35,2,60.01,69.38,146.15,387.57,0.9042,-1,-1,-1
35,19,432.59,189.89,27.73,78.30,0.6581,-1,-1,-1
35,14,374.90,188.48,27.23,76.95,0.7054,-1,-1,-1
35,20,3.05,118.51,29.58,103.68,0.6117,-1,-1,-1
36,1,273.95,82.25,152.57,369.00,0.8937,-1,-1,-1
36,2,66.41,63.73,149.79,398.50,0.8947,-1,-1,-1
36,19,445.39,190.01,27.65,78.01,0.6636,-1,-1,-1
36,14,384.35,188.96,27.13,76.41,0.5824,-1,-1,-1
37,1,277.04,78.54,157.34,377.98,0.8908,-1,-1,-1
37,2,69.33,61.03,152.14,405.80,0.9014,-1,-1,-1
37,19,452.01,190.38,27.74,78.35,0.6192,-1,-1,-1
37,14,390.62,189.20,27.28,76.37,0.6547,-1,-1,-1
38,1,283.75,76.18,162.77,387.65,0.8878,-1,-1,-1
38,2,69.81,58.58,155.42,415.23,0.8759,-1,-1,-1
38,19,457.60,190.01,28.40,80.19,0.7279,-1,-1,-1
38,14,397.61,192.91,26.79,74.03,0.4970,-1,-1,-1
39,1,288.94,71.39,167.86,397.22,0.8902,-1,-1,-1
39,2,69.67,54.25,158.65,424.09,0.8789,-1,-1,-1
39,19,462.77,188.28,29.12,81.61,0.6727,-1,-1,-1
39,14,403.34,194.98,25.97,71.33,0.5582,-1,-1,-1
39,23,433.48,187.50,26.90,78.13,0.5778,-1,-1,-1
40,1,291.81,66.73,174.52,410.16,0.8876,-1,-1,-1
40,2,69.41,52.20,160.71,428.93,0.8847,-1,-1,-1
40,19,466.86,188.35,29.73,83.04,0.7032,-1,-1,-1
40,14,408.37,198.43,25.32,70.16,0.4654,-1,-1,-1
40,23,437.52,186.31,28.07,81.55,0.5362,-1,-1,-1
40,24,183.61,63.10,58.53,199.53,0.6957,-1,-1,-1
41,1,295.90,63.23,178.94,417.38,0.8832,-1,-1,-1
41,2,67.50,48.88,162.74,433.16,0.8903,-1,-1,-1
41,19,474.11,188.77,22.20,58.73,0.6164,-1,-1,-1
41,23,439.69,187.89,27.65,80.35,0.5486,-1,-1,-1
41,24,182.95,63.09,58.34,198.91,0.7385,-1,-1,-1
42,1,294.05,57.50,183.69,424.56,0.8999,-1,-1,-1
42,2,58.71,43.16,165.83,439.08,0.8915,-1,-1,-1
42,19,475.32,187.79,17.51,42.42,0.5377,-1,-1,-1
42,24,178.24,57.12,60.66,206.93,0.6336,-1,-1,-1
43,1,293.26,53.52,187.64,428.93,0.9045,-1,-1,-1
43,2,52.78,37.35,168.60,444.75,0.8963,-1,-1,-1
43,19,473.51,189.80,14.78,32.64,0.5272,-1,-1,-1
43,24,174.77,51.92,60.79,207.63,0.6478,-1,-1,-1
44,1,292.47,50.30,191.22,432.13,0.9040,-1,-1,-1
44,2,48.41,31.82,171.28,449.80,0.8976,-1,-1,-1
44,24,173.20,48.56,61.86,211.67,0.6433,-1,-1,-1
45,1,294.26,46.74,194.69,435.13,0.8964,-1,-1,-1
45,2,45.68,27.83,173.11,452.76,0.8951,-1,-1,-1
45,24,174.05,46.89,62.82,215.20,0.6476,-1,-1,-1
46,1,292.46,42.97,199.19,438.94,0.9094,-1,-1,-1
46,2,41.25,21.29,176.59,459.48,0.8836,-1,-1,-1
46,24,173.47,44.86,63.66,218.25,0.6942,-1,-1,-1
47,1,294.12,38.52,203.27,443.27,0.9064,-1,-1,-1
47,2,37.42,15.80,179.42,464.71,0.8725,-1,-1,-1
47,24,172.85,41.51,63.56,218.25,0.6582,-1,-1,-1
48,1,296.93,31.46,207.79,449.69,0.8999,-1,-1,-1
48,2,35.18,11.78,182.35,469.16,0.8636,-1,-1,-1
48,24,174.71,38.50,64.71,222.43,0.6428,-1,-1,-1
49,1,297.31,28.55,211.32,452.74,0.8895,-1,-1,-1
49,2,34.59,9.10,184.47,469.82,0.8603,-1,-1,-1
49,24,175.42,36.30,65.82,226.25,0.6405,-1,-1,-1
50,1,296.12,23.51,215.31,457.11,0.8995,-1,-1,-1
50,2,29.65,3.75,188.44,475.51,0.8585,-1,-1,-1
50,24,173.58,34.26,68.04,234.42,0.6500,-1,-1,-1
50,20,-1.57,90.41,32.98,117.43,0.5213,-1,-1,-1
51,1,296.09,19.65,219.21,460.83,0.9086,-1,-1,-1
51,2,27.96,0.92,190.26,476.98,0.8588,-1,-1,-1
51,24,174.23,32.84,69.27,238.16,0.7362,-1,-1,-1
51,20,-1.18,89.21,32.87,118.05,0.4481,-1,-1,-1
52,1,298.44,16.03,222.41,463.95,0.9019,-1,-1,-1
52,2,24.05,-0.61,192.41,478.92,0.8464,-1,-1,-1
52,24,173.80,30.16,70.11,240.66,0.5960,-1,-1,-1
52,20,-4.22,87.28,39.33,146.74,0.4830,-1,-1,-1
53,1,299.54,13.59,226.05,466.32,0.9044,-1,-1,-1
53,2,21.58,-1.25,194.97,480.77,0.8605,-1,-1,-1
53,24,173.54,28.08,70.32,241.24,0.6318,-1,-1,-1
53,20,-3.37,86.05,41.55,157.55,0.3691,-1,-1,-1
54,1,300.77,11.64,229.47,468.80,0.9116,-1,-1,-1
54,2,20.88,-0.86,196.01,479.13,0.8424,-1,-1,-1
54,24,173.52,27.56,70.68,242.14,0.5766,-1,-1,-1
54,20,0.06,86.25,35.60,132.03,0.4177,-1,-1,-1
55,1,304.75,8.16,233.05,470.80,0.8858,-1,-1,-1
55,2,19.33,-0.56,198.05,479.79,0.8571,-1,-1,-1
55,24,174.67,25.85,71.35,244.32,0.5491,-1,-1,-1
55,20,-4.63,85.76,46.17,177.06,0.4524,-1,-1,-1
56,1,304.09,5.49,237.05,473.36,0.8457,-1,-1,-1
56,2,19.48,-0.89,199.86,479.96,0.8620,-1,-1,-1
56,24,175.42,24.39,72.08,247.02,0.5890,-1,-1,-1
56,20,-3.68,84.23,44.39,173.03,0.4636,-1,-1,-1
57,1,309.39,2.57,241.10,476.98,0.9115,-1,-1,-1
57,2,17.60,-0.30,201.20,478.12,0.8578,-1,-1,-1
57,24,172.84,22.78,79.53,275.78,0.6122,-1,-1,-1
57,20,-3.22,83.26,43.00,170.33,0.5690,-1,-1,-1
58,1,312.02,1.44,244.19,478.71,0.8997,-1,-1,-1
58,2,16.30,-0.00,202.81,477.57,0.8594,-1,-1,-1
58,24,165.51,20.69,96.32,343.56,0.4966,-1,-1,-1
58,20,-3.20,82.91,41.87,168.85,0.4866,-1,-1,-1
59,1,315.51,0.40,247.47,479.53,0.9035,-1,-1,-1
59,2,15.07,0.23,204.67,477.29,0.8447,-1,-1,-1
59,24,167.60,19.88,94.19,341.86,0.7051,-1,-1,-1
59,20,-3.53,83.42,40.52,166.87,0.4017,-1,-1,-1
60,1,318.34,-0.81,250.69,479.34,0.9006,-1,-1,-1
60,2,14.08,-0.03,206.79,477.73,0.8185,-1,-1,-1
60,24,162.86,18.64,103.86,387.31,0.5711,-1,-1,-1
60,20,-7.82,80.55,46.95,202.26,0.3765,-1,-1,-1
61,1,321.87,-1.23,254.41,480.30,0.8971,-1,-1,-1
61,2,11.49,0.43,208.30,476.76,0.8556,-1,-1,-1
61,24,162.45,17.69,105.05,401.82,0.6077,-1,-1,-1
61,20,-8.70,79.76,47.03,211.52,0.3827,-1,-1,-1
62,1,326.53,-1.22,256.14,477.26,0.8307,-1,-1,-1
62,2,9.64,0.56,209.88,476.59,0.8611,-1,-1,-1
62,24,163.82,16.24,105.69,414.90,0.7277,-1,-1,-1
62,20,-8.45,78.46,47.90,223.66,0.4517,-1,-1,-1
63,1,327.04,-1.09,260.22,479.79,0.8857,-1,-1,-1
63,2,8.06,0.86,211.37,476.47,0.7896,-1,-1,-1
63,24,164.65,14.83,105.14,422.41,0.7196,-1,-1,-1
63,20,-14.15,76.10,63.57,312.61,0.3731,-1,-1,-1
64,1,329.32,-1.06,263.24,480.75,0.8757,-1,-1,-1
64,2,7.96,1.45,213.05,476.68,0.8099,-1,-1,-1
64,24,166.18,14.46,102.81,420.39,0.5741,-1,-1,-1
65,1,329.53,-0.97,265.81,481.02,0.8766,-1,-1,-1
65,2,9.76,1.25,214.88,475.66,0.7657,-1,-1,-1
65,24,172.97,13.80,92.28,378.13,0.5247,-1,-1,-1
65,23,501.60,193.01,26.29,76.47,0.6443,-1,-1,-1
66,1,327.40,-0.71,268.44,480.88,0.8839,-1,-1,-1
66,2,8.32,1.15,215.80,474.08,0.8418,-1,-1,-1
66,24,177.32,12.86,85.45,348.04,0.6341,-1,-1,-1
66,23,502.84,192.39,26.37,76.64,0.6824,-1,-1,-1
67,1,326.40,-0.71,271.46,480.78,0.8852,-1,-1,-1
67,2,5.62,1.04,217.58,476.08,0.8087,-1,-1,-1
67,24,173.73,11.56,95.12,394.13,0.7479,-1,-1,-1
67,23,503.72,192.59,26.01,76.43,0.6490,-1,-1,-1
67,20,-18.61,77.84,70.21,371.58,0.5338,-1,-1,-1
68,1,327.66,-0.32,273.58,480.47,0.8942,-1,-1,-1
68,2,4.17,2.17,218.08,475.38,0.7487,-1,-1,-1
68,24,171.64,10.79,99.91,421.43,0.6779,-1,-1,-1
68,23,505.13,192.77,25.65,76.67,0.6037,-1,-1,-1
69,1,327.58,-0.03,275.28,480.20,0.8915,-1,-1,-1
69,2,3.36,2.56,218.86,475.59,0.7380,-1,-1,-1
69,24,171.45,9.79,101.08,433.26,0.6036,-1,-1,-1
69,23,505.46,193.33,24.93,75.79,0.6365,-1,-1,-1
70,1,326.77,0.03,276.93,480.12,0.8924,-1,-1,-1
70,2,1.79,1.63,220.13,477.74,0.8235,-1,-1,-1
70,24,174.63,9.00,99.11,431.13,0.8348,-1,-1,-1
70,23,506.05,193.21,24.69,75.87,0.6172,-1,-1,-1
70,26,294.54,176.77,28.29,85.37,0.5253,-1,-1,-1
71,1,325.38,-0.26,278.45,480.40,0.8761,-1,-1,-1
71,2,0.99,1.33,220.69,478.57,0.8286,-1,-1,-1
71,24,176.91,8.07,97.71,430.51,0.8365,-1,-1,-1
71,23,506.42,193.32,24.20,75.04,0.5617,-1,-1,-1
71,26,293.47,176.70,28.11,84.80,0.5884,-1,-1,-1
72,1,324.24,-0.02,279.87,480.15,0.8827,-1,-1,-1
72,2,0.78,1.16,221.08,478.93,0.8600,-1,-1,-1
72,24,178.63,7.50,96.57,430.41,0.8375,-1,-1,-1
72,23,506.54,193.00,24.24,75.84,0.5834,-1,-1,-1
72,26,292.27,176.72,28.29,85.03,0.6204,-1,-1,-1
73,1,322.57,0.05,281.53,480.06,0.8920,-1,-1,-1
73,2,0.72,1.17,221.31,478.98,0.8543,-1,-1,-1
73,24,180.69,9.15,95.35,428.07,0.8394,-1,-1,-1
73,23,505.80,192.44,24.52,77.34,0.5062,-1,-1,-1
73,26,291.48,177.11,27.77,83.07,0.6042,-1,-1,-1
73,27,586.26,196.24,23.14,51.79,0.5500,-1,-1,-1
74,1,320.29,-0.15,282.93,480.25,0.8500,-1,-1,-1
74,2,0.93,1.18,221.24,478.27,0.8477,-1,-1,-1
74,24,182.19,8.86,94.67,427.35,0.8486,-1,-1,-1
74,23,505.36,193.03,24.03,76.27,0.5653,-1,-1,-1
74,26,291.31,177.10,27.64,82.30,0.5464,-1,-1,-1
75,1,315.23,0.15,283.95,479.94,0.8711,-1,-1,-1
75,2,1.05,0.90,221.41,478.44,0.8279,-1,-1,-1
75,24,184.02,9.20,93.93,426.09,0.8458,-1,-1,-1
75,26,291.53,177.30,27.70,81.90,0.6049,-1,-1,-1
76,1,312.90,-0.10,284.91,479.24,0.8883,-1,-1,-1
76,2,1.14,0.76,221.44,478.38,0.8184,-1,-1,-1
76,24,185.01,9.58,93.44,425.53,0.8553,-1,-1,-1
76,26,291.46,177.06,27.69,81.40,0.6551,-1,-1,-1
77,1,310.10,-0.17,285.36,478.17,0.8744,-1,-1,-1
77,2,1.66,0.73,221.15,477.42,0.8269,-1,-1,-1
77,24,185.80,9.51,92.86,424.44,0.8452,-1,-1,-1
77,26,291.69,176.83,27.91,81.19,0.6553,-1,-1,-1
78,1,308.22,-0.18,286.09,477.30,0.8931,-1,-1,-1
78,2,1.57,0.95,221.75,478.42,0.8335,-1,-1,-1
78,24,186.45,9.06,92.24,424.17,0.8443,-1,-1,-1
78,26,291.00,177.14,28.01,80.87,0.4946,-1,-1,-1
79,1,306.42,-0.17,287.20,479.13,0.8717,-1,-1,-1
79,2,1.79,0.73,221.84,478.35,0.8325,-1,-1,-1
79,24,186.10,9.66,91.56,424.05,0.8373,-1,-1,-1
79,26,290.99,177.63,28.27,80.47,0.4671,-1,-1,-1
80,1,307.53,-0.16,286.14,479.82,0.8759,-1,-1,-1
80,2,1.76,1.05,222.20,478.67,0.8516,-1,-1,-1
80,24,186.11,10.55,91.04,424.48,0.8294,-1,-1,-1
81,1,308.04,-0.14,285.32,480.06,0.8798,-1,-1,-1
81,2,2.49,1.16,222.61,478.54,0.8432,-1,-1,-1
81,24,186.49,10.90,89.79,421.10,0.7937,-1,-1,-1
82,1,309.99,-0.13,283.73,480.14,0.8624,-1,-1,-1
82,2,3.95,1.25,222.88,477.20,0.8403,-1,-1,-1
82,24,186.70,11.74,89.09,420.24,0.7392,-1,-1,-1
83,1,308.42,-0.11,281.74,477.24,0.8782,-1,-1,-1
83,2,2.33,1.37,223.26,477.60,0.8173,-1,-1,-1
83,24,185.75,12.89,89.12,422.97,0.8172,-1,-1,-1
84,1,305.27,-0.10,281.84,478.72,0.9028,-1,-1,-1
84,2,1.54,1.47,223.05,476.73,0.7691,-1,-1,-1
84,24,183.22,12.26,89.47,426.10,0.7983,-1,-1,-1
85,1,306.61,-0.04,281.52,478.48,0.8923,-1,-1,-1
85,2,3.35,1.57,223.32,475.43,0.7584,-1,-1,-1
85,24,180.86,14.11,88.70,424.57,0.7471,-1,-1,-1
86,1,307.13,-0.00,280.61,476.98,0.8679,-1,-1,-1
86,2,3.07,1.68,224.10,476.02,0.7405,-1,-1,-1
86,24,177.65,16.32,88.19,423.68,0.7507,-1,-1,-1
87,1,307.78,0.02,281.19,478.89,0.8880,-1,-1,-1
87,2,3.77,1.75,224.66,475.37,0.7021,-1,-1,-1
87,24,174.73,16.99,86.31,414.73,0.6689,-1,-1,-1
87,23,503.89,193.13,23.85,75.83,0.6588,-1,-1,-1
88,1,306.86,0.57,281.26,479.07,0.8988,-1,-1,-1
88,2,1.90,1.76,224.95,475.69,0.8129,-1,-1,-1
88,24,173.12,20.57,85.42,412.00,0.7451,-1,-1,-1
88,23,504.64,193.10,24.01,76.90,0.5258,-1,-1,-1
89,1,308.58,0.50,280.89,479.42,0.8955,-1,-1,-1
89,2,0.97,1.74,225.36,476.38,0.8042,-1,-1,-1
89,24,171.95,22.62,84.38,406.85,0.7138,-1,-1,-1
89,23,505.10,192.84,23.72,77.04,0.5054,-1,-1,-1
90,1,308.05,0.60,280.76,479.42,0.8977,-1,-1,-1
90,2,-0.42,1.57,225.47,477.14,0.7954,-1,-1,-1
90,24,170.70,23.53,84.15,403.79,0.7513,-1,-1,-1
90,23,505.06,192.91,23.35,77.08,0.4277,-1,-1,-1
91,1,308.33,0.82,280.64,479.22,0.8943,-1,-1,-1
91,2,-0.99,1.44,225.30,477.34,0.7909,-1,-1,-1
91,24,170.11,23.94,84.55,402.81,0.7204,-1,-1,-1
91,23,504.79,192.44,22.95,76.65,0.3014,-1,-1,-1
92,1,306.81,0.63,280.83,479.03,0.9045,-1,-1,-1
92,2,2.48,1.46,225.69,476.32,0.7655,-1,-1,-1
92,24,170.55,24.44,85.04,400.59,0.6925,-1,-1,-1
92,23,505.47,192.68,22.70,76.78,0.3287,-1,-1,-1
93,1,305.78,0.45,280.59,478.87,0.8917,-1,-1,-1
93,2,0.45,1.43,225.03,475.31,0.8433,-1,-1,-1
93,24,173.30,24.06,87.97,406.62,0.7883,-1,-1,-1
94,1,305.32,0.14,280.71,479.60,0.9028,-1,-1,-1
94,2,-0.18,1.50,224.82,475.11,0.8469,-1,-1,-1
94,24,174.65,24.03,90.05,408.79,0.7889,-1,-1,-1
95,1,305.82,0.03,279.58,478.16,0.9010,-1,-1,-1
95,2,-0.39,1.49,224.63,475.08,0.8603,-1,-1,-1
95,24,175.86,22.56,91.87,411.69,0.7886,-1,-1,-1
96,1,305.18,-0.01,279.82,479.36,0.8999,-1,-1,-1
96,2,-0.38,1.60,224.22,474.54,0.8357,-1,-1,-1
96,24,176.66,22.09,92.67,411.38,0.7914,-1,-1,-1
96,29,265.86,192.14,16.23,56.62,0.5346,-1,-1,-1
96,30,301.29,177.99,23.62,80.83,0.5020,-1,-1,-1
97,1,305.99,0.01,278.67,477.75,0.9031,-1,-1,-1
97,2,-0.00,1.50,223.37,472.87,0.8640,-1,-1,-1
97,24,177.63,21.06,93.26,412.19,0.8179,-1,-1,-1
97,29,263.11,191.99,16.71,58.27,0.5794,-1,-1,-1
97,30,301.52,178.77,23.61,80.85,0.5721,-1,-1,-1
98,1,306.77,-0.02,278.44,477.96,0.9064,-1,-1,-1
98,2,0.12,1.33,223.28,472.85,0.8745,-1,-1,-1
98,24,180.57,20.43,93.11,412.54,0.8351,-1,-1,-1
98,30,301.48,178.22,24.04,82.45,0.5933,-1,-1,-1
98,23,506.14,192.55,22.46,76.59,0.5041,-1,-1,-1
99,1,307.32,-0.02,278.14,478.04,0.9089,-1,-1,-1
99,2,-0.05,1.14,223.65,473.94,0.8855,-1,-1,-1
99,24,183.41,20.74,92.70,411.77,0.8484,-1,-1,-1
99,30,301.34,177.87,23.66,81.05,0.5364,-1,-1,-1
99,23,506.51,192.40,22.41,76.71,0.3765,-1,-1,-1
100,1,307.77,-0.02,277.51,477.64,0.9027,-1,-1,-1
100,2,-0.49,1.04,223.84,474.93,0.8820,-1,-1,-1
100,24,185.62,18.98,92.69,413.17,0.8407,-1,-1,-1
100,30,301.73,178.28,23.48,80.06,0.5874,-1,-1,-1
100,23,506.06,192.49,22.22,76.06,0.5333,-1,-1,-1
100,26,278.65,178.23,27.86,80.49,0.5712,-1,-1,-1
101,1,308.07,-0.02,277.97,479.17,0.9086,-1,-1,-1
101,2,-0.47,0.93,223.70,475.09,0.8767,-1,-1,-1
101,24,188.62,17.58,92.72,413.60,0.8511,-1,-1,-1
101,30,301.02,178.08,23.82,81.20,0.4528,-1,-1,-1
101,23,506.70,192.61,22.18,76.19,0.3761,-1,-1,-1
101,26,278.72,178.81,27.43,79.87,0.4007,-1,-1,-1
102,1,309.27,0.02,276.97,478.40,0.9022,-1,-1,-1
102,2,-0.52,0.86,223.67,475.46,0.8734,-1,-1,-1
102,24,190.17,16.33,92.83,413.31,0.8479,-1,-1,-1
103,1,310.38,-0.00,276.99,479.46,0.9122,-1,-1,-1
103,2,-0.65,0.97,223.79,476.20,0.8702,-1,-1,-1
103,24,191.25,16.86,93.08,414.36,0.8402,-1,-1,-1
104,1,312.24,-0.01,276.94,479.85,0.9108,-1,-1,-1
104,2,-0.54,0.87,223.88,476.67,0.8893,-1,-1,-1
104,24,191.26,17.38,92.85,414.78,0.8419,-1,-1,-1
105,1,312.96,-0.01,276.83,480.00,0.9087,-1,-1,-1
105,2,-0.36,0.66,223.81,476.69,0.8627,-1,-1,-1
105,24,191.13,17.11,91.92,411.81,0.8375,-1,-1,-1
106,1,313.92,-0.01,276.55,479.45,0.9044,-1,-1,-1
106,2,-0.28,0.48,224.10,477.49,0.8800,-1,-1,-1
106,24,190.33,16.67,91.78,414.06,0.8269,-1,-1,-1
106,30,300.79,178.69,24.07,82.12,0.6317,-1,-1,-1
106,26,278.09,178.83,27.44,81.29,0.5835,-1,-1,-1
107,1,314.87,0.22,276.59,478.87,0.8953,-1,-1,-1
107,2,0.11,0.31,224.39,478.01,0.8803,-1,-1,-1
107,24,190.22,16.70,91.36,414.62,0.8186,-1,-1,-1
107,30,301.04,178.58,24.11,82.13,0.5889,-1,-1,-1
107,26,278.83,179.31,26.77,79.90,0.5654,-1,-1,-1
108,1,315.71,0.08,276.76,477.68,0.8996,-1,-1,-1
108,2,0.45,0.15,224.41,477.76,0.8742,-1,-1,-1
108,24,189.85,16.27,90.99,415.26,0.8234,-1,-1,-1
108,30,301.25,178.76,23.95,81.48,0.6020,-1,-1,-1
108,26,278.93,180.57,26.01,78.13,0.5106,-1,-1,-1
109,1,316.63,0.02,276.70,475.97,0.8313,-1,-1,-1
109,2,0.02,0.02,224.74,478.56,0.8857,-1,-1,-1
109,24,189.04,16.65,90.57,414.24,0.8310,-1,-1,-1
109,30,301.13,178.47,24.10,82.11,0.5538,-1,-1,-1
109,26,279.02,180.54,26.02,78.15,0.5028,-1,-1,-1
110,1,317.20,0.00,278.48,477.31,0.7599,-1,-1,-1
110,2,-0.38,0.07,224.57,478.48,0.9072,-1,-1,-1
110,24,188.71,16.80,90.60,413.94,0.8395,-1,-1,-1
110,30,300.95,178.29,24.18,82.20,0.4505,-1,-1,-1
111,1,316.91,-0.00,279.53,476.98,0.7984,-1,-1,-1
111,2,-0.80,0.07,224.61,479.01,0.8961,-1,-1,-1
111,24,188.90,17.10,90.88,414.20,0.8444,-1,-1,-1
112,1,324.09,-0.01,279.83,478.70,0.7949,-1,-1,-1
112,2,-0.86,0.09,224.55,479.27,0.9072,-1,-1,-1
112,24,189.54,16.97,91.61,415.46,0.8493,-1,-1,-1
113,1,317.32,0.12,280.58,479.19,0.8647,-1,-1,-1
113,2,-0.80,0.08,224.29,479.04,0.9028,-1,-1,-1
113,24,189.13,17.70,92.04,416.45,0.8531,-1,-1,-1
114,1,314.14,0.04,281.44,479.32,0.8970,-1,-1,-1
114,2,-0.86,0.01,223.96,478.74,0.8955,-1,-1,-1
114,24,189.07,18.97,91.91,414.33,0.8538,-1,-1,-1
115,1,311.79,0.01,281.05,478.02,0.8815,-1,-1,-1
115,2,-0.84,0.03,223.91,478.99,0.8898,-1,-1,-1
115,24,189.46,19.87,92.32,415.05,0.8666,-1,-1,-1
116,1,308.80,0.00,282.11,479.10,0.8949,-1,-1,-1
116,2,-0.93,-0.01,223.58,478.71,0.8794,-1,-1,-1
116,24,191.08,20.42,92.47,415.56,0.8595,-1,-1,-1
117,1,306.72,-0.00,282.16,479.06,0.8835,-1,-1,-1
117,2,-0.43,0.13,223.36,478.28,0.8703,-1,-1,-1
117,24,192.81,20.39,92.92,416.54,0.8547,-1,-1,-1
118,1,303.65,-0.00,281.47,478.42,0.8898,-1,-1,-1
118,2,0.14,0.30,223.61,478.60,0.8679,-1,-1,-1
118,24,193.55,20.19,93.15,417.57,0.8588,-1,-1,-1
119,1,301.91,-0.00,281.81,479.46,0.9113,-1,-1,-1
119,2,1.40,0.42,224.36,479.23,0.8854,-1,-1,-1
119,24,196.11,19.96,92.47,414.78,0.8164,-1,-1,-1
119,23,501.60,193.27,24.43,78.24,0.6998,-1,-1,-1
120,1,301.07,-0.00,281.89,479.85,0.9103,-1,-1,-1
120,2,2.69,0.54,225.12,479.36,0.8727,-1,-1,-1
120,24,198.35,20.86,91.50,412.18,0.8094,-1,-1,-1
120,23,500.79,193.18,25.56,78.79,0.7203,-1,-1,-1
121,1,301.78,0.37,281.67,479.63,0.8873,-1,-1,-1
121,2,4.34,0.49,226.28,479.53,0.8772,-1,-1,-1
121,24,198.59,21.14,91.65,414.45,0.8196,-1,-1,-1
121,23,500.37,192.91,26.47,79.40,0.6617,-1,-1,-1
122,1,305.27,0.30,281.02,478.30,0.8887,-1,-1,-1
122,2,6.16,0.30,227.68,479.76,0.8574,-1,-1,-1
122,24,198.71,21.79,91.23,416.62,0.8232,-1,-1,-1
122,23,500.31,193.71,26.68,78.42,0.6640,-1,-1,-1
123,1,303.23,0.72,281.41,478.79,0.8961,-1,-1,-1
123,2,7.56,0.93,228.95,479.14,0.8722,-1,-1,-1
123,24,199.23,21.46,90.33,415.25,0.8338,-1,-1,-1
123,23,500.59,194.04,27.10,78.02,0.6804,-1,-1,-1
124,1,303.25,0.38,281.36,479.14,0.9043,-1,-1,-1
124,2,8.49,0.92,230.34,478.49,0.8645,-1,-1,-1
124,24,200.07,22.24,88.64,410.31,0.8398,-1,-1,-1
124,23,500.73,194.21,27.39,77.84,0.6531,-1,-1,-1
124,32,0.28,75.85,38.72,401.80,0.5479,-1,-1,-1
125,1,303.21,0.56,280.87,478.97,0.9025,-1,-1,-1
125,2,8.86,0.85,231.95,478.18,0.8533,-1,-1,-1
125,24,200.48,22.65,87.34,407.00,0.8189,-1,-1,-1
125,23,501.05,193.87,27.49,77.70,0.6406,-1,-1,-1
125,32,1.49,76.51,38.89,402.95,0.5959,-1,-1,-1
126,1,303.17,0.56,280.45,479.09,0.8998,-1,-1,-1
126,2,10.75,0.76,230.14,469.25,0.7892,-1,-1,-1
126,24,200.91,22.65,86.52,406.24,0.7895,-1,-1,-1
126,23,501.16,194.02,27.55,77.79,0.6269,-1,-1,-1
126,32,2.27,76.67,38.86,401.31,0.4500,-1,-1,-1
127,1,304.24,0.45,280.14,479.28,0.8968,-1,-1,-1
127,2,9.28,0.91,233.54,473.07,0.8428,-1,-1,-1
127,24,201.88,22.76,85.71,406.02,0.8087,-1,-1,-1
127,23,502.01,193.40,27.44,77.72,0.5878,-1,-1,-1
127,32,3.29,77.66,39.17,401.82,0.4094,-1,-1,-1
128,1,304.58,0.54,279.71,479.02,0.9036,-1,-1,-1
128,2,9.47,0.78,235.49,473.10,0.8329,-1,-1,-1
128,24,202.31,22.75,85.20,406.43,0.7369,-1,-1,-1
128,23,502.47,193.86,27.08,76.94,0.6020,-1,-1,-1
128,32,4.02,77.58,39.58,402.39,0.5861,-1,-1,-1
129,1,304.98,0.34,279.13,478.77,0.8964,-1,-1,-1
129,2,8.84,0.83,237.35,473.53,0.8553,-1,-1,-1
129,24,202.46,22.94,84.76,407.02,0.7420,-1,-1,-1
129,23,502.64,193.98,27.02,77.01,0.5890,-1,-1,-1
129,32,4.28,79.40,39.86,400.72,0.6338,-1,-1,-1
130,1,305.02,0.31,278.92,478.86,0.9090,-1,-1,-1
130,2,7.93,0.82,238.09,472.87,0.8327,-1,-1,-1
130,24,202.65,23.66,84.21,406.89,0.7662,-1,-1,-1
130,23,503.49,193.72,26.93,76.94,0.6022,-1,-1,-1
130,32,4.59,80.26,40.31,399.89,0.6942,-1,-1,-1
131,1,304.79,0.44,278.57,478.78,0.8997,-1,-1,-1
131,2,11.13,0.89,237.14,471.06,0.8096,-1,-1,-1
131,24,202.73,23.39,83.55,405.19,0.7974,-1,-1,-1
131,23,502.71,193.64,27.18,77.44,0.6511,-1,-1,-1
131,32,9.56,80.39,30.70,284.56,0.3753,-1,-1,-1
132,1,304.43,0.21,278.22,479.09,0.8961,-1,-1,-1
132,2,11.02,0.70,237.10,471.28,0.7880,-1,-1,-1
132,24,201.67,23.07,83.47,405.50,0.8254,-1,-1,-1
132,23,502.45,192.98,27.28,77.68,0.6410,-1,-1,-1
132,30,297.04,177.70,24.63,81.23,0.5026,-1,-1,-1
133,1,304.55,0.06,276.84,477.27,0.8985,-1,-1,-1
133,2,9.16,0.60,238.15,473.82,0.8360,-1,-1,-1
133,24,201.00,22.81,83.56,406.30,0.8321,-1,-1,-1
133,23,502.29,192.91,27.53,78.25,0.5934,-1,-1,-1
133,30,296.61,177.83,25.60,80.96,0.5434,-1,-1,-1
134,1,303.40,0.20,275.92,476.59,0.9034,-1,-1,-1
134,2,8.12,0.70,238.82,476.28,0.8550,-1,-1,-1
134,24,200.24,22.81,83.93,409.69,0.8371,-1,-1,-1
134,23,501.75,192.71,27.92,79.03,0.6285,-1,-1,-1
134,30,296.66,178.22,26.22,80.45,0.5868,-1,-1,-1
135,1,302.99,0.07,276.40,478.77,0.8891,-1,-1,-1
135,2,6.28,0.80,238.91,477.43,0.8785,-1,-1,-1
135,24,200.48,22.82,83.96,411.52,0.8360,-1,-1,-1
135,23,501.09,192.83,27.88,78.90,0.6259,-1,-1,-1
135,30,296.40,177.71,27.00,81.30,0.5319,-1,-1,-1
136,1,302.53,0.08,276.13,479.53,0.8891,-1,-1,-1
136,2,3.71,0.89,238.19,477.47,0.8581,-1,-1,-1
136,24,199.90,23.51,83.75,410.69,0.8288,-1,-1,-1
136,23,500.74,192.62,28.09,79.32,0.6364,-1,-1,-1
136,30,297.02,178.20,26.88,80.85,0.4172,-1,-1,-1
137,1,302.58,0.02,275.68,479.88,0.8920,-1,-1,-1
137,2,1.62,0.83,237.20,478.05,0.8566,-1,-1,-1
137,24,197.99,23.16,84.09,409.74,0.8276,-1,-1,-1
137,23,500.87,193.04,28.01,78.90,0.6001,-1,-1,-1
137,30,297.48,178.10,26.85,80.77,0.5052,-1,-1,-1
138,1,302.45,-0.00,275.38,479.96,0.9059,-1,-1,-1
138,2,-0.56,0.55,236.24,479.17,0.8711,-1,-1,-1
138,24,195.82,23.34,85.14,411.39,0.8408,-1,-1,-1
138,23,501.51,192.93,27.99,78.90,0.5734,-1,-1,-1
138,30,296.23,178.35,27.75,80.87,0.6002,-1,-1,-1
139,1,303.21,-0.01,275.17,480.03,0.9105,-1,-1,-1
139,2,-1.84,0.44,235.14,479.59,0.8713,-1,-1,-1
139,24,194.50,22.76,85.81,410.63,0.8469,-1,-1,-1
139,23,501.84,193.39,27.76,78.25,0.5509,-1,-1,-1
139,30,295.08,178.23,28.68,81.09,0.6246,-1,-1,-1
140,1,304.48,0.41,274.75,479.34,0.9103,-1,-1,-1
140,2,-3.52,0.58,233.63,479.31,0.8797,-1,-1,-1
140,24,193.53,22.47,86.67,410.49,0.8525,-1,-1,-1
140,23,502.46,192.95,27.83,78.43,0.5436,-1,-1,-1
140,30,294.41,177.44,29.28,81.85,0.6005,-1,-1,-1
141,1,305.54,0.15,273.39,476.19,0.8997,-1,-1,-1
141,2,-4.70,0.71,231.94,478.87,0.8872,-1,-1,-1
141,24,192.24,21.45,87.89,411.75,0.8562,-1,-1,-1
141,23,502.19,192.90,27.75,78.31,0.5853,-1,-1,-1
141,30,294.44,178.11,29.26,80.74,0.4768,-1,-1,-1
142,1,305.25,0.26,274.73,478.15,0.9093,-1,-1,-1
142,2,-5.59,0.88,230.49,479.05,0.8836,-1,-1,-1
142,24,191.39,20.88,89.00,413.06,0.8585,-1,-1,-1
142,23,502.26,192.46,27.82,78.77,0.5656,-1,-1,-1
142,30,294.13,178.19,28.98,80.34,0.4528,-1,-1,-1
143,1,306.18,0.09,275.61,479.25,0.9058,-1,-1,-1
143,2,-5.91,0.96,229.16,479.10,0.8861,-1,-1,-1
143,24,190.16,20.42,90.15,413.88,0.8618,-1,-1,-1
143,23,502.71,192.11,27.41,78.50,0.5970,-1,-1,-1
143,30,293.46,178.20,29.60,81.04,0.5429,-1,-1,-1
144,1,307.20,0.03,276.48,479.77,0.9140,-1,-1,-1
144,2,-5.63,1.02,227.84,478.71,0.8927,-1,-1,-1
144,24,189.34,20.46,91.02,413.59,0.8556,-1,-1,-1
144,23,502.84,191.55,27.11,78.69,0.5340,-1,-1,-1
144,30,293.43,178.21,29.44,80.45,0.5565,-1,-1,-1
145,1,310.03,0.00,277.56,479.96,0.9005,-1,-1,-1
145,2,-5.56,1.06,226.51,478.35,0.9011,-1,-1,-1
145,24,187.92,20.24,92.05,413.24,0.8542,-1,-1,-1
145,23,503.72,191.95,26.53,78.10,0.5526,-1,-1,-1
145,30,293.67,178.37,29.26,80.04,0.5813,-1,-1,-1
146,1,311.57,-0.01,278.29,479.84,0.8601,-1,-1,-1
146,2,-5.10,1.21,225.23,477.77,0.8963,-1,-1,-1
146,24,187.22,20.25,92.93,412.69,0.8512,-1,-1,-1
146,30,294.34,178.21,29.03,80.21,0.6026,-1,-1,-1
147,1,321.49,-0.01,277.77,478.10,0.8399,-1,-1,-1
147,2,-4.24,1.35,224.08,477.06,0.8911,-1,-1,-1
147,24,186.88,20.36,93.65,412.62,0.8538,-1,-1,-1
147,30,294.17,177.58,29.12,82.11,0.3723,-1,-1,-1
148,1,322.86,-0.01,278.76,477.08,0.8729,-1,-1,-1
148,2,-3.04,1.13,223.71,477.78,0.8647,-1,-1,-1
148,24,187.56,20.34,94.03,412.51,0.8583,-1,-1,-1
148,30,295.26,177.80,28.86,83.05,0.3982,-1,-1,-1
149,1,323.58,-0.01,280.50,477.26,0.8849,-1,-1,-1
149,2,-0.64,0.72,224.00,478.93,0.8584,-1,-1,-1
149,24,188.92,20.64,93.92,411.62,0.8564,-1,-1,-1
149,30,296.74,178.35,28.50,84.12,0.4503,-1,-1,-1
150,1,323.51,-0.01,282.89,478.57,0.8775,-1,-1,-1
150,2,1.05,0.85,223.93,478.85,0.8666,-1,-1,-1
150,24,189.77,21.32,94.09,412.56,0.8526,-1,-1,-1
151,1,322.80,-0.01,284.41,479.27,0.8437,-1,-1,-1
151,2,3.01,0.79,224.02,478.92,0.8561,-1,-1,-1
151,24,190.91,21.76,94.01,413.89,0.8591,-1,-1,-1
152,1,320.36,-0.01,284.73,479.07,0.7839,-1,-1,-1
152,2,6.24,0.63,224.07,479.31,0.8586,-1,-1,-1
152,24,191.63,21.87,93.54,413.49,0.8665,-1,-1,-1
153,1,316.69,-0.00,284.48,477.33,0.8181,-1,-1,-1
153,2,8.89,0.64,223.25,476.96,0.8399,-1,-1,-1
153,24,191.91,21.68,93.00,412.56,0.8636,-1,-1,-1
154,1,310.78,0.41,285.53,478.63,0.8766,-1,-1,-1
154,2,8.88,0.62,223.22,475.66,0.8284,-1,-1,-1
154,24,191.90,21.57,92.99,413.57,0.8523,-1,-1,-1
154,23,502.65,188.76,26.84,79.47,0.6720,-1,-1,-1
155,1,306.71,0.45,285.77,479.24,0.8916,-1,-1,-1
155,2,9.33,0.63,223.76,476.31,0.8269,-1,-1,-1
155,24,191.63,21.85,92.87,414.27,0.8441,-1,-1,-1
155,23,501.74,191.42,26.42,77.46,0.6320,-1,-1,-1
156,1,303.77,0.17,285.52,479.77,0.9024,-1,-1,-1
156,2,8.77,0.68,224.64,477.42,0.8638,-1,-1,-1
156,24,191.28,21.80,92.57,414.11,0.8660,-1,-1,-1
156,23,500.76,193.84,26.15,75.60,0.5653,-1,-1,-1
157,1,295.93,0.06,283.31,479.96,0.9151,-1,-1,-1
157,2,8.77,0.50,224.23,475.95,0.8367,-1,-1,-1
157,24,190.25,21.19,92.51,415.39,0.8651,-1,-1,-1
157,23,499.65,194.34,26.78,76.36,0.5832,-1,-1,-1
158,1,286.38,0.02,278.39,480.03,0.9172,-1,-1,-1
158,2,7.17,0.27,224.85,477.26,0.8401,-1,-1,-1
158,24,189.66,19.99,92.72,417.92,0.8586,-1,-1,-1
158,23,499.31,195.54,26.92,75.55,0.5185,-1,-1,-1
159,1,277.41,0.00,272.69,480.05,0.9095,-1,-1,-1
159,2,5.56,0.25,225.36,477.93,0.8463,-1,-1,-1
159,24,189.98,19.16,92.71,418.20,0.8466,-1,-1,-1
159,23,497.54,187.98,29.91,83.98,0.7013,-1,-1,-1
160,1,273.20,0.39,263.88,476.18,0.9183,-1,-1,-1
160,2,2.88,0.75,225.73,478.08,0.8645,-1,-1,-1
160,24,189.47,18.90,92.79,419.33,0.8495,-1,-1,-1
160,23,497.01,185.81,30.86,86.27,0.7204,-1,-1,-1
161,1,269.17,0.14,259.56,478.60,0.9106,-1,-1,-1
161,2,1.69,0.78,226.28,478.85,0.8620,-1,-1,-1
161,24,188.64,18.33,92.88,420.32,0.8480,-1,-1,-1
161,23,496.52,185.77,31.08,86.42,0.6946,-1,-1,-1
162,1,268.61,0.44,253.83,475.88,0.9057,-1,-1,-1
162,2,1.44,0.60,226.47,478.56,0.8341,-1,-1,-1
162,24,188.53,16.39,93.31,421.58,0.8529,-1,-1,-1
162,23,496.73,184.53,31.65,87.86,0.7159,-1,-1,-1
163,1,269.05,0.44,249.76,475.35,0.9063,-1,-1,-1
163,2,1.47,0.48,225.58,476.02,0.8299,-1,-1,-1
163,24,187.70,15.60,94.01,425.03,0.8500,-1,-1,-1
163,23,497.21,183.79,32.08,88.50,0.7191,-1,-1,-1
164,1,270.71,0.64,245.81,474.64,0.9039,-1,-1,-1
164,2,0.38,0.62,225.19,475.30,0.8047,-1,-1,-1
164,24,186.65,14.17,94.49,427.59,0.8366,-1,-1,-1
164,23,496.25,182.82,32.51,89.65,0.7221,-1,-1,-1
165,1,273.76,0.23,243.61,478.06,0.9196,-1,-1,-1
165,2,-0.46,0.52,225.03,475.29,0.8194,-1,-1,-1
165,24,186.44,13.64,94.53,428.29,0.8456,-1,-1,-1
165,23,496.38,182.85,32.61,89.67,0.7144,-1,-1,-1
166,1,276.65,0.08,240.65,479.35,0.9216,-1,-1,-1
166,2,-1.12,0.23,225.18,476.19,0.8165,-1,-1,-1
166,24,185.65,12.40,94.96,430.33,0.8412,-1,-1,-1
166,23,496.47,182.57,32.72,89.84,0.7192,-1,-1,-1
167,1,278.23,0.02,237.67,479.84,0.9166,-1,-1,-1
167,2,-1.21,0.39,223.86,473.88,0.7956,-1,-1,-1
167,24,184.61,11.07,95.26,432.05,0.8182,-1,-1,-1
167,23,496.62,183.13,32.69,89.31,0.7212,-1,-1,-1
168,1,279.14,-0.00,234.88,480.02,0.9129,-1,-1,-1
168,2,-1.48,0.41,223.70,474.19,0.8193,-1,-1,-1
168,24,183.68,10.56,95.33,432.56,0.8436,-1,-1,-1
168,23,496.56,182.76,32.92,89.58,0.7227,-1,-1,-1
169,1,278.34,0.75,231.33,475.97,0.9026,-1,-1,-1
169,2,-1.50,0.35,223.39,474.15,0.7547,-1,-1,-1
169,24,183.29,10.34,95.60,433.58,0.8432,-1,-1,-1
169,23,496.66,183.39,32.92,89.40,0.7323,-1,-1,-1
170,1,276.40,0.84,229.69,474.54,0.8991,-1,-1,-1
170,2,-1.26,0.29,222.39,472.47,0.7600,-1,-1,-1
170,24,182.90,9.91,96.03,435.43,0.8438,-1,-1,-1
170,23,496.60,182.85,33.16,89.91,0.7139,-1,-1,-1
171,1,275.46,0.76,228.87,474.57,0.9022,-1,-1,-1
171,2,-1.61,0.11,222.42,473.31,0.7945,-1,-1,-1
171,24,182.46,9.69,96.45,437.13,0.8462,-1,-1,-1
172,1,276.07,0.81,228.19,475.18,0.8971,-1,-1,-1
172,2,-1.97,0.19,222.78,475.00,0.8448,-1,-1,-1
172,24,182.37,9.70,96.64,437.98,0.8467,-1,-1,-1
173,1,276.82,0.76,227.49,476.23,0.8991,-1,-1,-1
173,2,-2.10,0.14,222.93,476.31,0.8155,-1,-1,-1
173,24,182.12,9.77,96.68,437.50,0.8485,-1,-1,-1
174,1,277.14,0.87,226.62,476.76,0.9030,-1,-1,-1
174,2,-2.01,0.12,222.50,476.21,0.8274,-1,-1,-1
174,24,181.73,9.94,96.79,437.34,0.8488,-1,-1,-1
175,1,276.71,0.90,226.01,477.21,0.8518,-1,-1,-1
175,2,-1.99,0.08,222.36,476.80,0.8592,-1,-1,-1
175,24,180.98,10.49,97.84,441.18,0.8492,-1,-1,-1
176,1,277.68,0.32,225.52,478.51,0.8983,-1,-1,-1
176,2,-1.77,0.02,222.07,476.89,0.8271,-1,-1,-1
176,24,181.29,10.97,97.84,440.24,0.8400,-1,-1,-1
177,1,278.51,0.51,223.80,476.43,0.8925,-1,-1,-1
177,2,-1.34,-0.01,221.13,475.35,0.7940,-1,-1,-1
177,24,181.14,11.39,97.74,439.58,0.8551,-1,-1,-1
178,1,279.02,0.17,223.86,477.66,0.9043,-1,-1,-1
178,2,-1.61,0.06,221.42,476.78,0.8280,-1,-1,-1
178,24,181.11,11.17,97.63,437.97,0.8604,-1,-1,-1
178,23,496.53,183.39,33.25,89.48,0.7167,-1,-1,-1
179,1,273.62,0.45,224.63,477.24,0.8599,-1,-1,-1
179,2,-1.35,0.09,220.87,476.17,0.8366,-1,-1,-1
179,24,181.00,11.21,98.02,439.62,0.8657,-1,-1,-1
179,23,496.57,183.32,33.35,89.56,0.7313,-1,-1,-1
180,1,277.53,0.15,224.49,478.58,0.9031,-1,-1,-1
180,2,-1.41,0.14,221.02,477.13,0.8417,-1,-1,-1
180,24,180.90,11.30,97.92,438.63,0.8560,-1,-1,-1
180,23,496.41,183.29,33.32,89.48,0.7044,-1,-1,-1
181,1,278.68,0.04,224.43,479.51,0.9067,-1,-1,-1
181,2,-1.29,0.08,220.67,476.90,0.8206,-1,-1,-1
181,24,181.44,11.56,97.68,437.87,0.8607,-1,-1,-1
181,23,496.40,183.44,33.22,89.35,0.7025,-1,-1,-1
182,1,280.74,0.42,223.01,476.77,0.9032,-1,-1,-1
182,2,-0.94,0.19,219.72,475.17,0.8315,-1,-1,-1
182,24,181.34,11.28,97.35,436.35,0.8435,-1,-1,-1
182,23,496.44,183.63,32.97,88.78,0.7112,-1,-1,-1
183,1,281.84,0.51,222.60,476.19,0.9035,-1,-1,-1
183,2,-0.72,0.36,219.85,475.73,0.8451,-1,-1,-1
183,24,181.50,11.53,97.22,436.12,0.8514,-1,-1,-1
183,23,496.46,184.29,32.54,88.06,0.7189,-1,-1,-1
184,1,283.70,0.75,222.16,475.54,0.9052,-1,-1,-1
184,2,-0.46,0.45,219.48,475.12,0.8220,-1,-1,-1
184,24,181.29,11.57,97.12,435.56,0.8483,-1,-1,-1
184,23,496.61,184.21,32.32,88.34,0.7044,-1,-1,-1
184,36,524.38,187.72,24.26,69.42,0.5913,-1,-1,-1
185,1,286.29,0.79,221.62,474.96,0.8970,-1,-1,-1
185,2,-0.45,0.40,219.45,475.27,0.8311,-1,-1,-1
185,24,181.01,11.56,97.11,435.30,0.8490,-1,-1,-1
185,23,497.13,184.40,31.83,87.78,0.7017,-1,-1,-1
185,36,524.03,188.77,23.63,67.49,0.4258,-1,-1,-1
186,1,290.13,1.05,220.74,474.49,0.9137,-1,-1,-1
186,2,-0.54,0.39,219.69,476.06,0.8593,-1,-1,-1
186,24,181.12,11.49,97.19,435.66,0.8525,-1,-1,-1
186,23,497.46,185.18,31.11,86.51,0.6988,-1,-1,-1
186,36,522.43,188.11,23.88,68.34,0.5184,-1,-1,-1
187,1,291.88,1.08,220.26,474.57,0.9097,-1,-1,-1
187,2,-0.40,0.32,219.54,475.91,0.8708,-1,-1,-1
187,24,181.57,11.47,97.09,435.72,0.8491,-1,-1,-1
187,23,497.98,185.56,30.53,85.67,0.6706,-1,-1,-1
187,36,521.98,191.00,22.88,65.66,0.5338,-1,-1,-1
188,1,293.18,1.04,219.54,474.24,0.9124,-1,-1,-1
188,2,-0.35,0.38,219.45,475.89,0.8590,-1,-1,-1
188,24,181.32,11.39,97.09,435.60,0.8515,-1,-1,-1
188,23,498.45,185.38,30.41,86.11,0.6809,-1,-1,-1
188,36,520.91,192.05,23.10,66.81,0.4157,-1,-1,-1
189,1,293.99,0.96,218.80,473.90,0.9132,-1,-1,-1
189,2,-0.24,0.32,219.26,475.58,0.8383,-1,-1,-1
189,24,181.20,11.08,97.09,435.77,0.8536,-1,-1,-1
189,23,498.55,184.79,30.43,86.72,0.6820,-1,-1,-1
189,36,521.54,190.29,23.69,69.07,0.5306,-1,-1,-1
190,1,294.28,0.87,218.45,474.33,0.9129,-1,-1,-1
190,2,-0.22,0.32,219.12,475.41,0.8498,-1,-1,-1
190,24,181.40,11.06,96.87,435.01,0.8423,-1,-1,-1
190,23,498.63,185.33,30.10,86.07,0.6711,-1,-1,-1
190,36,521.37,189.44,23.91,70.40,0.5004,-1,-1,-1
191,1,294.48,0.93,217.96,474.45,0.9146,-1,-1,-1
191,2,-0.25,0.40,219.12,475.58,0.8552,-1,-1,-1
191,24,181.37,10.93,96.94,435.52,0.8468,-1,-1,-1
191,23,498.53,184.97,30.29,86.91,0.6865,-1,-1,-1
191,36,522.92,189.51,23.63,70.04,0.4338,-1,-1,-1
192,1,294.29,0.96,217.56,474.36,0.9103,-1,-1,-1
192,2,-0.26,0.40,219.04,475.56,0.8473,-1,-1,-1
192,24,181.16,11.03,97.02,435.64,0.8523,-1,-1,-1
192,23,498.55,184.65,30.22,86.95,0.6716,-1,-1,-1
193,1,293.88,0.81,217.36,474.45,0.9086,-1,-1,-1
193,2,-0.17,0.38,218.61,474.73,0.8335,-1,-1,-1
193,24,181.26,11.11,97.09,436.10,0.8511,-1,-1,-1
193,23,498.55,184.73,30.21,87.28,0.6919,-1,-1,-1
194,1,291.88,0.58,217.86,475.27,0.8972,-1,-1,-1
194,2,-0.44,0.37,218.76,475.44,0.8347,-1,-1,-1
194,24,180.76,11.02,97.25,436.58,0.8552,-1,-1,-1
194,23,498.69,184.66,30.17,87.55,0.6949,-1,-1,-1
195,1,289.14,0.48,218.62,475.82,0.8812,-1,-1,-1
195,2,-0.48,0.50,218.65,475.56,0.8490,-1,-1,-1
195,24,180.36,10.99,97.30,436.77,0.8556,-1,-1,-1
195,23,498.30,184.34,30.20,88.17,0.6763,-1,-1,-1
196,1,286.89,0.48,219.47,476.10,0.8901,-1,-1,-1
196,2,-0.31,0.45,218.09,474.61,0.7973,-1,-1,-1
196,24,179.82,10.96,97.46,436.85,0.8553,-1,-1,-1
196,23,498.72,183.86,30.26,88.83,0.6643,-1,-1,-1
197,1,285.53,0.49,220.50,476.50,0.8978,-1,-1,-1
197,2,-0.14,0.45,217.90,474.35,0.8443,-1,-1,-1
197,24,179.13,10.54,97.73,437.35,0.8517,-1,-1,-1
197,23,498.75,184.28,29.98,88.17,0.6447,-1,-1,-1
198,1,284.70,0.62,221.09,476.14,0.9113,-1,-1,-1
198,2,-0.36,0.50,217.82,474.53,0.8636,-1,-1,-1
198,24,178.10,10.45,97.99,438.15,0.8590,-1,-1,-1
198,23,499.13,184.59,29.90,87.85,0.6915,-1,-1,-1
199,1,283.42,0.66,222.04,476.48,0.9094,-1,-1,-1
199,2,-0.22,1.21,217.41,473.74,0.8072,-1,-1,-1
199,24,176.75,11.06,98.01,437.92,0.8502,-1,-1,-1
199,23,498.89,184.65,29.71,86.89,0.6871,-1,-1,-1
200,1,281.84,0.72,222.76,475.98,0.9050,-1,-1,-1
200,2,0.25,3.90,216.07,470.61,0.7861,-1,-1,-1
200,24,174.76,11.69,97.84,437.80,0.8485,-1,-1,-1
200,23,498.70,185.03,29.88,87.13,0.7191,-1,-1,-1
201,1,279.10,0.25,224.85,478.64,0.9075,-1,-1,-1
201,2,0.22,3.52,216.15,470.76,0.7750,-1,-1,-1
201,24,171.43,12.53,98.09,438.43,0.8344,-1,-1,-1
201,23,498.00,185.16,29.96,87.33,0.7009,-1,-1,-1
202,1,277.38,0.07,226.07,479.65,0.9087,-1,-1,-1
202,2,0.58,6.02,215.66,469.35,0.7269,-1,-1,-1
202,24,167.15,14.44,97.99,436.66,0.8103,-1,-1,-1
202,23,497.51,185.30,29.92,87.25,0.6884,-1,-1,-1
203,1,276.49,0.00,226.48,479.07,0.8960,-1,-1,-1
203,2,1.02,11.87,213.39,463.88,0.6432,-1,-1,-1
203,24,161.69,16.19,98.26,433.80,0.7759,-1,-1,-1
203,23,496.93,184.97,30.09,87.86,0.7030,-1,-1,-1
203,36,524.87,188.14,26.25,76.89,0.5196,-1,-1,-1
204,1,276.33,0.53,225.84,476.09,0.8902,-1,-1,-1
204,2,0.01,5.32,214.97,467.68,0.6962,-1,-1,-1
204,24,159.24,18.17,96.81,424.46,0.8094,-1,-1,-1
204,23,495.67,185.88,29.87,87.30,0.7610,-1,-1,-1
204,36,522.84,189.01,27.04,76.97,0.5677,-1,-1,-1
205,1,276.13,0.86,226.01,474.46,0.8818,-1,-1,-1
205,2,-0.44,2.55,215.43,469.08,0.6692,-1,-1,-1
205,24,156.27,20.23,95.25,416.17,0.8102,-1,-1,-1
205,23,495.71,186.33,29.49,86.40,0.7396,-1,-1,-1
205,36,522.87,188.22,27.81,78.19,0.5854,-1,-1,-1
206,1,274.74,0.80,226.89,474.07,0.8896,-1,-1,-1
206,2,-1.31,2.10,215.65,470.45,0.6222,-1,-1,-1
206,24,154.41,22.55,93.85,409.07,0.7806,-1,-1,-1
206,23,495.36,186.49,29.28,85.71,0.7051,-1,-1,-1
206,36,523.88,187.23,28.10,78.39,0.4710,-1,-1,-1
207,1,274.77,0.91,227.59,474.03,0.8838,-1,-1,-1
207,2,-1.45,2.08,215.03,469.86,0.5666,-1,-1,-1
207,24,155.42,24.53,91.77,399.49,0.7154,-1,-1,-1
207,23,494.98,186.19,29.30,86.01,0.7399,-1,-1,-1
207,36,521.75,186.05,28.88,79.64,0.5179,-1,-1,-1
208,1,271.47,0.72,229.35,474.62,0.8869,-1,-1,-1
208,2,-2.15,0.88,215.71,472.58,0.7748,-1,-1,-1
208,24,162.25,28.63,87.53,381.42,0.7922,-1,-1,-1
208,23,494.06,186.53,29.56,86.72,0.7037,-1,-1,-1
208,36,522.03,186.65,29.36,78.87,0.4415,-1,-1,-1
209,1,269.08,0.80,231.13,475.09,0.8913,-1,-1,-1
209,2,-2.91,0.46,215.57,473.83,0.7688,-1,-1,-1
209,24,166.53,32.53,84.36,368.78,0.7931,-1,-1,-1
209,23,494.08,186.19,29.52,86.74,0.7292,-1,-1,-1
209,36,522.41,186.06,30.53,81.03,0.4602,-1,-1,-1
210,1,265.31,0.79,233.19,476.00,0.8626,-1,-1,-1
210,2,-4.26,0.76,214.69,474.34,0.8731,-1,-1,-1
210,24,170.72,41.54,81.34,356.02,0.8382,-1,-1,-1
210,23,493.09,185.83,29.91,87.76,0.7283,-1,-1,-1
210,36,519.13,186.24,29.87,80.99,0.4350,-1,-1,-1
211,1,267.71,1.09,233.70,476.36,0.8113,-1,-1,-1
211,2,-5.54,1.14,213.78,475.31,0.8799,-1,-1,-1
211,24,173.08,46.90,80.24,349.20,0.8474,-1,-1,-1
211,23,492.29,184.33,30.46,89.10,0.7399,-1,-1,-1
211,36,521.31,185.36,29.31,80.84,0.4119,-1,-1,-1
212,1,267.12,1.11,234.38,476.45,0.8355,-1,-1,-1
212,2,-6.12,0.85,211.47,473.40,0.8260,-1,-1,-1
212,24,175.25,52.97,80.45,344.30,0.8593,-1,-1,-1
212,23,491.23,185.36,30.52,89.43,0.7197,-1,-1,-1
212,36,525.15,186.40,29.42,79.57,0.3879,-1,-1,-1
213,1,261.65,1.22,236.12,476.84,0.8697,-1,-1,-1
213,2,-8.64,1.89,209.36,473.67,0.7969,-1,-1,-1
213,24,177.17,54.54,82.22,342.49,0.8614,-1,-1,-1
213,23,490.00,184.94,30.42,89.48,0.6653,-1,-1,-1
213,36,520.86,186.11,29.07,80.10,0.4450,-1,-1,-1
214,1,259.17,0.96,236.97,476.80,0.8787,-1,-1,-1
214,2,-10.83,1.03,207.82,476.10,0.8096,-1,-1,-1
214,24,173.19,56.66,87.08,348.35,0.8709,-1,-1,-1
214,23,489.03,184.79,30.37,89.90,0.7140,-1,-1,-1
214,36,517.75,185.52,29.50,82.26,0.5564,-1,-1,-1
215,1,258.30,0.77,236.96,475.79,0.8978,-1,-1,-1
215,2,-10.90,0.45,205.55,476.39,0.7638,-1,-1,-1
215,24,174.79,57.48,89.21,344.91,0.8818,-1,-1,-1
215,23,487.20,184.94,30.56,89.64,0.7066,-1,-1,-1
215,36,515.56,184.80,29.53,83.31,0.5473,-1,-1,-1
216,1,256.91,0.45,237.29,476.09,0.8769,-1,-1,-1
216,2,-10.97,0.34,202.52,475.00,0.7176,-1,-1,-1
216,24,178.17,59.51,90.67,340.90,0.8860,-1,-1,-1
216,23,486.76,184.55,30.43,89.97,0.7329,-1,-1,-1
216,36,518.17,186.77,27.25,79.64,0.4099,-1,-1,-1
217,1,268.44,0.90,234.99,477.92,0.8183,-1,-1,-1
217,2,-10.71,0.22,200.85,476.54,0.8026,-1,-1,-1
217,24,180.68,61.93,92.36,338.44,0.8841,-1,-1,-1
217,23,485.83,183.08,30.90,91.22,0.7294,-1,-1,-1
217,36,518.63,185.58,26.50,79.81,0.5048,-1,-1,-1
218,1,262.86,1.00,234.46,478.67,0.7992,-1,-1,-1
218,2,-9.49,0.28,199.44,477.83,0.7906,-1,-1,-1
218,24,183.41,67.59,92.96,332.39,0.8689,-1,-1,-1
218,23,482.97,182.09,31.70,93.82,0.7213,-1,-1,-1
218,36,518.75,189.11,24.93,77.05,0.3865,-1,-1,-1
219,1,271.71,0.41,230.88,479.45,0.8272,-1,-1,-1
219,2,-7.79,0.31,197.51,476.82,0.8156,-1,-1,-1
219,24,188.13,73.42,93.14,326.46,0.8703,-1,-1,-1
219,23,481.30,180.92,31.78,94.32,0.7533,-1,-1,-1
220,1,276.11,6.60,224.14,472.33,0.7502,-1,-1,-1
220,2,-5.70,0.26,196.38,476.49,0.8105,-1,-1,-1
220,24,192.12,79.09,92.32,318.57,0.8613,-1,-1,-1
220,23,479.77,180.34,32.10,95.60,0.7701,-1,-1,-1
220,36,511.59,185.40,26.88,83.06,0.5773,-1,-1,-1
221,1,271.46,17.30,219.36,461.93,0.8683,-1,-1,-1
221,2,-2.87,0.71,195.89,475.96,0.7595,-1,-1,-1
221,24,196.20,86.25,90.10,305.22,0.8713,-1,-1,-1
221,23,480.43,181.11,31.17,94.48,0.7413,-1,-1,-1
221,36,508.61,184.59,27.49,84.29,0.6150,-1,-1,-1
222,1,277.50,25.32,215.17,454.01,0.9130,-1,-1,-1
222,2,-0.27,1.83,196.58,477.07,0.5482,-1,-1,-1
222,24,202.44,90.51,88.09,292.99,0.8688,-1,-1,-1
222,23,482.53,182.25,29.98,92.71,0.6505,-1,-1,-1
222,36,507.52,183.04,28.28,86.05,0.6739,-1,-1,-1
223,1,284.49,31.10,212.09,448.73,0.8906,-1,-1,-1
223,2,4.89,1.11,196.92,473.85,0.7694,-1,-1,-1
223,24,208.27,93.34,84.77,277.33,0.8623,-1,-1,-1
223,23,483.68,182.41,30.15,96.07,0.4524,-1,-1,-1
223,36,506.54,183.33,28.85,87.71,0.4495,-1,-1,-1
224,1,288.25,34.79,209.96,445.22,0.9124,-1,-1,-1
224,2,7.20,1.00,198.98,474.54,0.6642,-1,-1,-1
224,24,212.45,95.73,83.67,270.64,0.8636,-1,-1,-1
224,23,485.01,182.50,29.48,95.91,0.5208,-1,-1,-1
224,36,506.79,184.77,28.37,87.27,0.3165,-1,-1,-1
224,38,537.76,203.12,22.56,50.65,0.5157,-1,-1,-1
225,1,290.22,38.48,207.40,440.87,0.9179,-1,-1,-1
225,2,8.37,0.33,201.83,476.85,0.8392,-1,-1,-1
225,24,216.89,101.08,82.64,265.16,0.8740,-1,-1,-1
225,23,485.48,183.62,29.23,95.18,0.6243,-1,-1,-1
225,38,537.95,201.51,23.45,52.71,0.5121,-1,-1,-1
226,1,290.62,42.77,204.43,437.04,0.9127,-1,-1,-1
226,2,10.71,1.55,203.53,474.90,0.8229,-1,-1,-1
226,24,221.53,106.91,81.36,259.69,0.8761,-1,-1,-1
226,23,484.62,181.35,29.94,97.48,0.6673,-1,-1,-1
226,38,538.71,201.71,23.81,53.56,0.5074,-1,-1,-1
227,1,291.56,48.46,200.09,431.52,0.9026,-1,-1,-1
227,2,10.75,1.31,205.98,475.45,0.8159,-1,-1,-1
227,24,225.88,111.15,79.35,250.54,0.8699,-1,-1,-1
227,23,482.86,180.59,30.80,99.54,0.7179,-1,-1,-1
227,38,539.10,201.12,23.98,54.12,0.5437,-1,-1,-1
228,1,292.57,54.02,194.92,425.33,0.9123,-1,-1,-1
228,2,11.30,1.36,208.48,475.69,0.9135,-1,-1,-1
228,24,232.61,112.50,78.19,245.01,0.8428,-1,-1,-1
228,23,482.68,180.37,31.76,101.93,0.7388,-1,-1,-1
228,38,540.42,201.43,24.22,54.97,0.5633,-1,-1,-1
229,1,292.52,60.34,189.00,419.46,0.9038,-1,-1,-1
229,2,9.62,1.49,210.17,475.86,0.9023,-1,-1,-1
229,24,240.60,111.81,75.71,233.52,0.8608,-1,-1,-1
229,23,483.95,182.54,31.68,101.60,0.6981,-1,-1,-1
229,38,541.84,200.21,25.24,57.53,0.5926,-1,-1,-1
230,1,293.89,65.58,183.19,413.96,0.8855,-1,-1,-1
230,2,7.22,1.47,211.90,477.13,0.8908,-1,-1,-1
230,24,244.40,111.70,75.10,228.66,0.8486,-1,-1,-1
230,23,485.17,182.81,32.02,102.71,0.6962,-1,-1,-1
230,38,543.21,199.58,25.60,58.96,0.6460,-1,-1,-1
230,39,457.15,168.90,27.58,122.39,0.6901,-1,-1,-1
231,1,293.74,67.33,179.25,412.53,0.8866,-1,-1,-1
231,2,6.72,3.79,211.21,472.66,0.7199,-1,-1,-1
231,24,248.80,111.68,75.30,226.95,0.8647,-1,-1,-1
231,23,487.03,183.28,31.90,103.18,0.7233,-1,-1,-1
231,38,548.36,199.37,25.58,59.40,0.6640,-1,-1,-1
231,39,457.83,166.13,28.48,125.51,0.7728,-1,-1,-1
232,1,302.23,67.34,174.79,411.94,0.8691,-1,-1,-1
232,2,5.78,5.12,212.23,472.76,0.8021,-1,-1,-1
232,24,254.09,113.81,75.34,225.52,0.8517,-1,-1,-1
232,23,490.01,183.21,31.02,102.32,0.6563,-1,-1,-1
232,38,552.08,199.40,26.09,60.47,0.5282,-1,-1,-1
232,39,461.26,163.21,29.77,129.65,0.7573,-1,-1,-1
232,40,573.64,155.69,69.91,190.57,0.6592,-1,-1,-1
233,1,310.05,66.41,171.06,413.11,0.8699,-1,-1,-1
233,2,5.20,3.52,212.50,471.19,0.5810,-1,-1,-1
233,24,259.85,118.13,74.62,222.10,0.8270,-1,-1,-1
233,23,495.91,180.28,29.27,99.76,0.3929,-1,-1,-1
233,38,556.01,198.90,26.42,61.44,0.6117,-1,-1,-1
233,39,468.51,160.44,30.81,133.00,0.6889,-1,-1,-1
233,40,573.50,161.77,69.77,190.53,0.3391,-1,-1,-1
233,41,518.79,184.69,24.92,92.44,0.5433,-1,-1,-1
234,1,317.45,69.96,169.24,409.90,0.8999,-1,-1,-1
234,2,5.32,2.28,213.30,470.68,0.6604,-1,-1,-1
234,24,266.54,121.30,73.10,216.76,0.8079,-1,-1,-1
234,23,491.39,168.35,34.43,119.94,0.3091,-1,-1,-1
234,38,562.58,201.45,25.16,59.16,0.5038,-1,-1,-1
234,39,477.88,159.84,31.14,133.10,0.5218,-1,-1,-1
234,40,573.68,166.66,76.14,209.85,0.4554,-1,-1,-1
234,41,520.00,184.56,24.99,92.63,0.4931,-1,-1,-1
235,1,329.84,74.15,167.62,405.76,0.8958,-1,-1,-1
235,2,7.00,1.30,215.68,475.22,0.8443,-1,-1,-1
235,24,272.51,122.41,72.21,212.55,0.8104,-1,-1,-1
235,38,568.71,199.31,26.59,62.34,0.4993,-1,-1,-1
235,39,486.01,158.70,31.04,131.24,0.3937,-1,-1,-1
235,41,524.79,186.51,24.98,92.79,0.4074,-1,-1,-1
236,1,341.03,78.69,166.15,401.31,0.8977,-1,-1,-1
236,2,9.31,0.93,217.01,476.58,0.8866,-1,-1,-1
236,24,279.59,119.85,70.45,206.37,0.7916,-1,-1,-1
236,38,573.61,193.62,28.84,67.73,0.5551,-1,-1,-1
236,41,530.59,190.85,23.65,87.40,0.4800,-1,-1,-1
236,40,576.63,169.57,92.41,263.17,0.5690,-1,-1,-1
237,1,357.20,86.16,163.19,393.56,0.9058,-1,-1,-1
237,2,13.76,4.99,217.34,473.63,0.8752,-1,-1,-1
237,24,287.71,119.78,69.85,203.27,0.8394,-1,-1,-1
237,38,581.22,192.66,29.31,69.25,0.5668,-1,-1,-1
237,41,537.16,185.31,25.06,93.80,0.4478,-1,-1,-1
237,43,8.20,118.97,39.12,159.01,0.5859,-1,-1,-1
238,1,369.86,87.04,162.83,392.88,0.9026,-1,-1,-1
238,2,17.03,6.57,218.89,473.05,0.8706,-1,-1,-1
238,24,293.42,120.51,69.90,201.38,0.8212,-1,-1,-1
238,38,587.87,194.07,29.25,68.96,0.5369,-1,-1,-1
238,41,542.48,185.32,25.50,96.51,0.3524,-1,-1,-1
238,43,12.87,117.18,39.17,156.94,0.4626,-1,-1,-1
238,44,610.01,205.18,29.33,274.48,0.5991,-1,-1,-1
239,1,384.79,89.05,161.32,390.63,0.8984,-1,-1,-1
239,2,17.92,11.72,219.80,468.00,0.8337,-1,-1,-1
239,24,302.56,123.81,68.39,198.10,0.7860,-1,-1,-1
239,38,594.69,197.86,28.09,65.63,0.3590,-1,-1,-1
239,44,605.67,213.59,28.73,266.24,0.3971,-1,-1,-1
239,46,365.78,175.79,20.06,86.74,0.5241,-1,-1,-1
240,1,398.05,87.60,156.63,377.83,0.8860,-1,-1,-1
240,2,26.41,14.32,220.75,464.79,0.7606,-1,-1,-1
240,24,306.77,125.11,67.22,194.07,0.7561,-1,-1,-1
240,38,597.48,192.22,30.22,70.50,0.5210,-1,-1,-1
240,46,368.35,179.61,18.93,81.30,0.4230,-1,-1,-1
240,47,253.72,159.61,33.10,116.09,0.7075,-1,-1,-1
241,1,408.68,85.48,155.42,375.32,0.8927,-1,-1,-1
241,2,23.14,14.98,223.80,461.74,0.7141,-1,-1,-1
241,24,312.91,124.45,67.68,192.78,0.7989,-1,-1,-1
241,38,601.01,196.05,27.24,62.08,0.3109,-1,-1,-1
241,46,368.99,180.89,18.69,79.61,0.3866,-1,-1,-1
242,1,412.93,87.12,154.86,375.67,0.8769,-1,-1,-1
242,2,39.50,11.49,226.28,467.38,0.8343,-1,-1,-1
242,24,307.29,123.23,69.75,191.44,0.8221,-1,-1,-1
242,49,393.84,180.24,22.77,80.84,0.5069,-1,-1,-1
242,44,598.38,170.07,34.09,309.42,0.7150,-1,-1,-1
243,1,413.86,88.94,154.79,378.02,0.8920,-1,-1,-1
243,2,47.98,8.62,227.10,469.68,0.8378,-1,-1,-1
243,24,309.49,122.55,69.68,188.82,0.8472,-1,-1,-1
243,49,393.26,180.75,22.89,80.99,0.5727,-1,-1,-1
243,44,586.55,65.00,46.38,415.15,0.7338,-1,-1,-1
243,43,29.22,164.62,23.54,87.85,0.6016,-1,-1,-1
244,1,419.27,90.57,153.29,377.54,0.8873,-1,-1,-1
244,2,62.25,7.53,224.80,469.05,0.7835,-1,-1,-1
244,24,314.61,121.37,69.10,188.25,0.7005,-1,-1,-1
244,49,394.19,179.31,23.46,82.84,0.5854,-1,-1,-1
244,44,570.74,16.78,54.33,463.65,0.8332,-1,-1,-1
244,43,26.72,168.98,25.10,84.83,0.7447,-1,-1,-1
245,1,421.40,89.12,152.86,381.74,0.8594,-1,-1,-1
245,2,68.59,8.99,218.47,456.04,0.8552,-1,-1,-1
245,24,314.03,121.43,69.98,190.30,0.7877,-1,-1,-1
245,49,393.13,179.39,23.51,82.71,0.6204,-1,-1,-1
245,44,558.80,-4.93,60.29,484.59,0.7258,-1,-1,-1
246,1,422.25,87.79,149.40,381.19,0.8571,-1,-1,-1
246,2,70.89,9.07,221.06,463.68,0.9022,-1,-1,-1
246,24,311.74,121.32,70.23,189.50,0.8129,-1,-1,-1
246,49,390.48,176.05,24.57,85.93,0.5734,-1,-1,-1
246,44,553.71,-12.76,64.63,492.30,0.7496,-1,-1,-1
246,43,36.16,193.75,13.19,41.95,0.5091,-1,-1,-1
247,1,426.33,86.49,142.22,369.31,0.8353,-1,-1,-1
247,2,74.64,9.72,220.34,465.25,0.9034,-1,-1,-1
247,24,310.22,122.10,70.24,189.06,0.8134,-1,-1,-1
247,49,387.93,175.93,24.51,85.41,0.6345,-1,-1,-1
247,44,540.47,-14.26,70.33,493.13,0.8081,-1,-1,-1
247,51,-6.61,165.16,33.58,88.52,0.6918,-1,-1,-1
247,52,407.15,171.15,38.40,107.31,0.7496,-1,-1,-1
247,43,32.11,195.74,12.53,38.08,0.5784,-1,-1,-1
248,1,432.93,87.71,137.11,357.54,0.8476,-1,-1,-1
248,2,79.01,9.14,219.72,468.05,0.8323,-1,-1,-1
248,24,309.39,122.65,70.48,189.02,0.8410,-1,-1,-1
248,49,385.83,174.66,25.14,86.93,0.6754,-1,-1,-1
248,44,541.25,-13.68,74.11,493.46,0.8615,-1,-1,-1
248,52,405.90,171.79,38.46,107.72,0.7694,-1,-1,-1
248,43,30.39,195.74,12.86,37.56,0.6141,-1,-1,-1
249,1,439.22,87.22,135.86,358.06,0.7634,-1,-1,-1
249,2,86.12,7.83,218.56,470.45,0.8886,-1,-1,-1
249,24,312.66,122.22,69.98,186.83,0.8361,-1,-1,-1
249,49,386.80,173.89,25.70,87.97,0.6865,-1,-1,-1
249,44,530.94,-12.70,79.64,491.41,0.8527,-1,-1,-1
249,52,407.57,170.55,39.23,110.25,0.7719,-1,-1,-1
249,43,30.85,196.17,13.00,36.97,0.5671,-1,-1,-1
249,53,288.01,169.42,27.79,92.56,0.6555,-1,-1,-1
250,1,450.10,87.72,135.97,362.42,0.6550,-1,-1,-1
250,2,96.49,7.89,216.24,470.54,0.9175,-1,-1,-1
250,24,318.58,122.93,68.85,182.95,0.8530,-1,-1,-1
250,49,389.88,174.35,26.65,90.36,0.6790,-1,-1,-1
250,44,527.28,-11.50,84.67,491.19,0.8216,-1,-1,-1
250,52,410.77,171.48,39.95,112.80,0.7797,-1,-1,-1
250,43,33.92,197.38,13.78,38.09,0.5369,-1,-1,-1
250,53,293.13,172.09,27.46,91.84,0.5936,-1,-1,-1
251,2,106.60,9.38,213.52,470.18,0.9128,-1,-1,-1
251,24,323.16,123.73,68.30,181.79,0.8604,-1,-1,-1
251,49,393.02,174.61,26.97,91.41,0.6133,-1,-1,-1
251,44,527.79,-10.53,88.55,490.54,0.8438,-1,-1,-1
251,52,412.64,170.82,40.79,115.71,0.7772,-1,-1,-1
251,43,35.76,197.66,14.42,39.27,0.5071,-1,-1,-1
252,2,116.13,14.53,209.40,465.45,0.8903,-1,-1,-1
252,24,326.70,127.18,67.78,180.96,0.8593,-1,-1,-1
252,49,395.91,176.20,27.25,92.36,0.5378,-1,-1,-1
252,44,530.40,-7.49,90.51,483.77,0.8710,-1,-1,-1
252,52,413.97,173.34,41.02,117.15,0.7352,-1,-1,-1
252,43,37.45,199.28,14.71,39.73,0.4360,-1,-1,-1
252,54,72.51,179.21,41.75,90.26,0.6008,-1,-1,-1
253,2,127.59,23.83,203.58,456.19,0.8998,-1,-1,-1
253,24,332.39,129.76,67.92,181.37,0.8574,-1,-1,-1
253,49,399.24,174.65,27.90,94.78,0.5319,-1,-1,-1
253,44,532.58,-4.21,92.06,477.93,0.8819,-1,-1,-1
253,52,417.26,174.08,41.68,119.88,0.6896,-1,-1,-1
253,43,41.70,201.87,14.46,38.97,0.4388,-1,-1,-1
253,54,69.79,179.92,43.14,92.99,0.7021,-1,-1,-1
253,55,462.24,143.72,56.49,177.74,0.7376,-1,-1,-1
254,2,137.61,27.64,199.96,452.10,0.8914,-1,-1,-1
254,24,336.70,132.79,66.96,179.83,0.8497,-1,-1,-1
254,49,402.71,175.12,27.93,95.44,0.4111,-1,-1,-1
254,44,534.61,-3.25,94.06,479.23,0.8783,-1,-1,-1
254,52,419.19,172.43,42.43,122.97,0.6798,-1,-1,-1
254,43,44.15,203.21,14.41,38.78,0.3581,-1,-1,-1
254,54,68.68,180.00,43.38,93.41,0.6663,-1,-1,-1
254,55,460.08,141.96,57.45,180.85,0.7379,-1,-1,-1
255,2,138.84,35.06,198.32,444.87,0.8651,-1,-1,-1
255,24,339.85,136.13,65.87,178.51,0.8388,-1,-1,-1
255,44,534.46,-2.48,96.01,480.56,0.8989,-1,-1,-1
255,52,417.81,172.14,43.02,125.80,0.6404,-1,-1,-1
255,54,59.69,180.46,44.67,96.57,0.6410,-1,-1,-1
255,55,450.27,142.01,59.54,186.09,0.8488,-1,-1,-1
256,2,156.12,36.13,196.57,443.40,0.8960,-1,-1,-1
256,24,342.09,135.36,64.69,177.09,0.7647,-1,-1,-1
256,44,533.17,-3.83,98.02,481.98,0.9070,-1,-1,-1
256,52,414.39,169.51,43.73,129.64,0.5564,-1,-1,-1
256,54,43.77,178.86,46.30,99.96,0.6230,-1,-1,-1
256,55,441.13,141.50,61.77,190.14,0.8100,-1,-1,-1
256,56,93.30,136.21,57.88,167.39,0.6308,-1,-1,-1
256,23,498.40,168.28,40.38,134.23,0.5908,-1,-1,-1
257,2,164.01,36.75,194.90,441.84,0.8837,-1,-1,-1
257,24,342.16,134.03,63.16,176.01,0.7822,-1,-1,-1
257,44,531.68,-4.24,99.93,483.10,0.9039,-1,-1,-1
257,54,27.50,178.88,48.02,101.66,0.6379,-1,-1,-1
257,55,436.27,139.63,64.39,195.39,0.8734,-1,-1,-1
257,56,75.36,132.66,60.74,174.33,0.7949,-1,-1,-1
257,23,494.42,167.83,43.99,140.66,0.6823,-1,-1,-1
258,2,159.62,31.31,197.37,446.44,0.8612,-1,-1,-1
258,24,341.25,133.79,63.05,177.95,0.7985,-1,-1,-1
258,55,421.41,134.14,68.09,205.00,0.8205,-1,-1,-1
258,56,54.47,132.02,63.56,179.45,0.8589,-1,-1,-1
258,23,489.05,165.34,46.99,146.51,0.6868,-1,-1,-1
258,1,474.46,4.33,174.33,474.16,0.8379,-1,-1,-1
259,2,156.25,29.89,198.35,448.31,0.8737,-1,-1,-1
259,24,340.87,135.84,61.60,177.00,0.7992,-1,-1,-1
259,55,403.99,129.71,70.57,212.12,0.8711,-1,-1,-1
259,56,35.54,129.57,67.04,184.47,0.8813,-1,-1,-1
259,23,485.87,163.90,49.50,149.21,0.6150,-1,-1,-1
259,1,472.50,-0.95,175.62,481.21,0.8553,-1,-1,-1
260,2,148.76,28.61,199.20,450.78,0.9072,-1,-1,-1
260,24,336.29,139.72,60.05,174.48,0.7811,-1,-1,-1
260,55,391.81,127.54,73.81,222.35,0.7486,-1,-1,-1
260,56,17.74,127.47,71.13,191.44,0.8999,-1,-1,-1
260,23,477.18,149.37,55.74,168.35,0.6934,-1,-1,-1
260,1,481.78,-2.02,171.87,482.90,0.8915,-1,-1,-1
261,2,138.30,27.58,199.19,452.26,0.8995,-1,-1,-1
261,24,328.00,144.21,59.19,172.25,0.8075,-1,-1,-1
261,55,374.42,128.01,78.27,231.14,0.8355,-1,-1,-1
261,56,3.01,124.71,73.06,195.76,0.8625,-1,-1,-1
261,23,466.95,147.00,56.67,176.07,0.6191,-1,-1,-1
261,1,482.65,-2.07,169.39,482.53,0.9111,-1,-1,-1
262,2,123.69,24.01,200.08,455.61,0.8415,-1,-1,-1
262,24,320.53,146.33,58.08,169.48,0.6457,-1,-1,-1
262,55,352.42,127.61,83.29,239.43,0.8337,-1,-1,-1
262,1,472.29,-1.62,170.36,480.80,0.8910,-1,-1,-1
263,2,111.36,15.98,202.83,463.94,0.8953,-1,-1,-1
263,55,331.57,122.76,89.14,253.50,0.8725,-1,-1,-1
263,1,461.41,-1.87,173.58,481.13,0.9250,-1,-1,-1
264,2,102.65,12.15,203.19,467.01,0.8477,-1,-1,-1
264,55,322.38,118.48,93.52,262.84,0.8487,-1,-1,-1
264,1,454.31,-1.97,177.06,481.93,0.9050,-1,-1,-1
265,2,86.41,9.10,206.01,470.37,0.8510,-1,-1,-1
265,55,290.07,110.81,96.64,276.48,0.7723,-1,-1,-1
265,1,448.53,-1.65,180.09,480.51,0.9102,-1,-1,-1
266,2,82.97,8.79,206.76,470.74,0.8523,-1,-1,-1
266,55,271.12,102.51,97.02,286.43,0.7699,-1,-1,-1
266,1,443.05,-1.42,183.48,479.37,0.8698,-1,-1,-1
266,57,370.89,156.98,47.99,159.11,0.7845,-1,-1,-1
266,24,329.41,147.74,52.89,158.58,0.7443,-1,-1,-1
267,2,71.46,7.07,209.31,471.76,0.8257,-1,-1,-1
267,55,252.01,92.59,98.12,293.92,0.7856,-1,-1,-1
267,1,439.22,-1.10,186.89,478.95,0.9143,-1,-1,-1
267,57,367.47,149.27,49.69,163.87,0.7855,-1,-1,-1
267,24,318.99,142.75,52.56,158.15,0.8247,-1,-1,-1
268,2,56.56,2.56,214.89,477.04,0.7727,-1,-1,-1
268,55,237.85,81.53,99.76,301.37,0.5002,-1,-1,-1
268,1,437.09,-1.04,189.80,478.43,0.9181,-1,-1,-1
268,57,363.89,142.25,50.88,166.32,0.7798,-1,-1,-1
268,24,312.02,136.89,53.29,160.09,0.8494,-1,-1,-1
269,2,52.20,0.32,220.48,479.56,0.8081,-1,-1,-1
269,1,434.31,-0.70,192.41,476.76,0.9117,-1,-1,-1
269,57,353.79,136.03,52.44,170.45,0.7764,-1,-1,-1
269,24,308.90,132.14,52.96,158.97,0.8000,-1,-1,-1
270,2,50.41,-0.04,223.99,479.90,0.8814,-1,-1,-1
270,1,426.73,-0.58,196.97,477.56,0.9088,-1,-1,-1
270,57,341.78,119.39,54.20,175.81,0.7991,-1,-1,-1
270,24,306.14,117.44,51.85,159.60,0.7387,-1,-1,-1
271,2,47.19,-0.22,226.27,477.15,0.8834,-1,-1,-1
271,1,420.68,-0.50,201.96,479.65,0.9133,-1,-1,-1
271,57,331.73,94.20,56.07,181.20,0.7889,-1,-1,-1
271,24,306.72,94.18,50.49,161.11,0.5844,-1,-1,-1
271,58,586.45,110.97,58.28,264.89,0.5437,-1,-1,-1
272,2,46.16,-0.14,218.76,453.88,0.7821,-1,-1,-1
272,1,415.90,-0.70,206.36,480.64,0.9158,-1,-1,-1
272,57,320.40,59.25,59.17,189.75,0.8086,-1,-1,-1
272,58,583.47,58.39,63.58,290.43,0.4047,-1,-1,-1
273,2,39.91,0.20,219.17,448.37,0.6985,-1,-1,-1
273,1,413.35,-0.71,210.00,480.89,0.9118,-1,-1,-1
273,57,313.19,42.23,61.06,194.80,0.7510,-1,-1,-1
274,2,51.40,-0.29,223.81,468.05,0.7080,-1,-1,-1
274,1,411.88,-0.45,211.55,476.59,0.9034,-1,-1,-1
274,57,307.94,45.20,62.90,199.19,0.7752,-1,-1,-1
274,59,254.09,76.86,59.76,143.37,0.7571,-1,-1,-1
275,2,36.94,-0.29,225.85,473.59,0.8454,-1,-1,-1
275,1,408.66,-0.41,214.36,476.27,0.8676,-1,-1,-1
275,57,298.91,58.98,64.34,203.33,0.7900,-1,-1,-1
275,59,255.42,95.26,58.11,140.31,0.6510,-1,-1,-1
275,58,584.85,5.58,69.20,322.72,0.5052,-1,-1,-1
276,2,33.89,0.02,222.80,469.63,0.8090,-1,-1,-1
276,1,410.61,-0.26,217.00,478.00,0.9043,-1,-1,-1
276,57,294.09,83.60,65.60,205.68,0.8094,-1,-1,-1
276,59,256.44,127.16,54.94,133.19,0.4930,-1,-1,-1
277,2,38.23,-0.24,211.59,447.66,0.8311,-1,-1,-1
277,1,411.03,-0.23,219.31,479.57,0.9186,-1,-1,-1
277,57,285.57,100.26,67.24,210.13,0.7238,-1,-1,-1
277,59,253.16,141.83,54.85,134.73,0.3699,-1,-1,-1
278,2,23.38,-0.31,219.42,467.51,0.8500,-1,-1,-1
278,1,404.42,-0.27,219.60,480.19,0.9041,-1,-1,-1
278,57,273.50,107.25,69.68,217.21,0.7791,-1,-1,-1
279,2,10.03,14.18,214.75,459.29,0.8796,-1,-1,-1
279,1,388.42,-0.34,219.46,480.00,0.8974,-1,-1,-1
279,57,259.02,120.46,71.83,223.14,0.7787,-1,-1,-1
279,61,321.30,145.24,45.13,144.03,0.6580,-1,-1,-1
279,58,576.89,52.02,67.18,315.58,0.8095,-1,-1,-1
280,2,-6.25,18.84,211.11,457.35,0.8899,-1,-1,-1
280,1,369.13,-0.37,219.34,479.03,0.8895,-1,-1,-1
280,57,239.21,124.10,73.54,228.16,0.7875,-1,-1,-1
280,61,306.78,148.47,45.88,145.91,0.8051,-1,-1,-1
280,63,175.13,144.51,66.19,200.50,0.8066,-1,-1,-1
280,58,570.97,57.85,67.61,314.63,0.8290,-1,-1,-1
281,2,-25.12,8.88,210.13,470.15,0.9054,-1,-1,-1
281,1,346.20,-0.03,220.96,479.65,0.9069,-1,-1,-1
281,57,206.49,112.07,77.30,239.85,0.7881,-1,-1,-1
281,61,278.37,140.96,45.90,145.43,0.8328,-1,-1,-1
281,63,151.23,135.32,66.41,200.70,0.8363,-1,-1,-1
281,58,557.31,58.03,67.98,309.27,0.8293,-1,-1,-1
282,2,-36.90,10.39,200.45,467.97,0.8910,-1,-1,-1
282,1,337.73,0.19,222.70,479.79,0.9030,-1,-1,-1
282,57,174.26,108.17,81.32,252.22,0.8023,-1,-1,-1
282,61,259.41,143.52,45.47,144.39,0.8065,-1,-1,-1
282,63,128.78,134.19,62.70,191.66,0.6079,-1,-1,-1
282,58,544.04,84.04,66.90,298.03,0.4127,-1,-1,-1
283,2,-37.31,17.84,189.65,460.13,0.8595,-1,-1,-1
283,1,346.78,-0.10,223.99,480.20,0.8830,-1,-1,-1
283,57,154.34,112.10,85.49,263.25,0.8316,-1,-1,-1
283,61,254.73,154.03,45.11,144.48,0.7235,-1,-1,-1
283,63,109.89,158.44,51.86,158.99,0.6085,-1,-1,-1
283,58,536.92,120.60,65.06,284.27,0.3848,-1,-1,-1
283,66,306.52,122.36,70.07,278.78,0.6678,-1,-1,-1
284,2,-33.25,17.77,184.07,461.19,0.8169,-1,-1,-1
284,1,368.27,0.26,224.12,479.87,0.8913,-1,-1,-1
284,57,147.69,112.29,88.74,271.51,0.8489,-1,-1,-1
284,63,110.29,164.71,49.03,151.19,0.7253,-1,-1,-1
284,66,319.48,127.79,72.36,287.09,0.7438,-1,-1,-1
284,67,292.85,85.94,74.34,223.88,0.5066,-1,-1,-1
285,2,-27.86,18.05,179.45,461.58,0.8868,-1,-1,-1
285,1,397.09,0.38,224.20,479.76,0.9175,-1,-1,-1
285,57,150.22,107.52,90.68,277.77,0.8549,-1,-1,-1
285,63,114.53,163.01,49.80,154.24,0.6721,-1,-1,-1
285,66,337.30,95.09,81.61,323.23,0.8513,-1,-1,-1
285,67,297.78,77.33,87.46,264.72,0.7349,-1,-1,-1
285,68,285.85,159.25,39.73,142.32,0.7029,-1,-1,-1
286,2,-21.07,25.79,173.38,454.36,0.9024,-1,-1,-1
286,1,420.15,0.48,221.42,479.20,0.9100,-1,-1,-1
286,57,155.06,105.63,92.65,283.98,0.8644,-1,-1,-1
286,63,119.88,165.21,50.09,156.93,0.6712,-1,-1,-1
286,66,356.72,79.11,89.91,354.20,0.8755,-1,-1,-1
286,67,306.05,72.81,93.27,283.75,0.6261,-1,-1,-1
287,2,-15.15,34.07,168.08,446.24,0.8947,-1,-1,-1
287,1,440.49,0.07,216.39,479.45,0.8892,-1,-1,-1
287,57,161.35,104.22,95.10,289.88,0.8161,-1,-1,-1
287,63,125.81,164.38,50.79,161.80,0.6259,-1,-1,-1
287,66,376.03,66.47,97.73,380.75,0.8855,-1,-1,-1
287,67,317.56,71.23,96.74,296.18,0.7646,-1,-1,-1
288,2,-10.92,38.51,164.88,441.82,0.8996,-1,-1,-1
288,1,461.07,-0.07,208.88,479.69,0.8587,-1,-1,-1
288,57,164.85,100.43,98.24,300.66,0.8313,-1,-1,-1
288,63,131.64,162.28,51.02,163.77,0.6094,-1,-1,-1
288,66,397.75,55.52,105.77,404.27,0.8844,-1,-1,-1
288,67,329.71,65.65,99.40,306.28,0.8195,-1,-1,-1
288,68,275.75,168.00,36.87,132.82,0.5886,-1,-1,-1
289,2,-4.40,47.95,161.29,432.16,0.9024,-1,-1,-1
289,1,492.05,3.86,194.84,474.47,0.8151,-1,-1,-1
289,57,173.71,100.40,101.97,313.23,0.8151,-1,-1,-1
289,63,143.18,160.28,53.61,170.78,0.6040,-1,-1,-1
289,66,420.60,48.69,113.21,423.81,0.8817,-1,-1,-1
289,67,345.22,60.92,102.04,317.00,0.7690,-1,-1,-1
289,68,262.64,160.81,46.03,166.10,0.6808,-1,-1,-1
289,58,513.95,80.43,78.56,357.51,0.5403,-1,-1,-1
290,2,3.14,56.70,159.57,423.29,0.8948,-1,-1,-1
290,57,184.82,98.94,105.55,325.29,0.8002,-1,-1,-1
290,66,446.55,37.85,121.30,443.14,0.8745,-1,-1,-1
290,67,361.99,53.56,107.20,336.48,0.8410,-1,-1,-1
290,70,288.56,162.31,42.86,169.72,0.5818,-1,-1,-1
290,61,155.19,156.77,54.32,176.73,0.6925,-1,-1,-1
291,2,8.42,57.86,160.95,422.29,0.8691,-1,-1,-1
291,57,197.66,93.70,109.93,340.97,0.8386,-1,-1,-1
291,66,470.94,25.56,128.56,455.44,0.8856,-1,-1,-1
291,67,382.53,44.79,111.92,352.29,0.8330,-1,-1,-1
291,70,303.70,161.91,44.19,174.54,0.6888,-1,-1,-1
291,71,571.03,57.84,78.07,390.30,0.6427,-1,-1,-1
291,63,159.22,153.98,55.18,177.57,0.7067,-1,-1,-1
292,2,15.28,56.42,163.04,423.35,0.8850,-1,-1,-1
292,57,210.53,89.61,115.29,358.94,0.8385,-1,-1,-1
292,66,488.63,12.65,135.39,470.16,0.8920,-1,-1,-1
292,67,400.32,38.02,117.28,370.37,0.8805,-1,-1,-1
292,70,324.24,165.64,44.73,175.05,0.7875,-1,-1,-1
292,63,167.82,155.68,55.17,177.17,0.7101,-1,-1,-1
293,2,17.99,49.96,166.97,430.07,0.9074,-1,-1,-1
293,57,220.47,80.82,118.53,371.62,0.8477,-1,-1,-1
293,66,499.12,0.30,140.26,483.43,0.8871,-1,-1,-1
293,67,414.02,28.22,125.12,396.23,0.8619,-1,-1,-1
293,70,339.61,167.99,45.32,174.56,0.8566,-1,-1,-1
293,63,170.15,152.09,57.14,181.71,0.5395,-1,-1,-1
294,2,25.76,48.06,168.68,432.05,0.8777,-1,-1,-1
294,57,229.51,71.85,123.60,389.79,0.8386,-1,-1,-1
294,66,511.73,-3.21,139.97,485.94,0.8183,-1,-1,-1
294,67,428.34,19.22,132.40,419.38,0.8433,-1,-1,-1
294,70,356.50,167.35,46.49,175.66,0.8115,-1,-1,-1
295,2,38.18,47.92,169.60,432.04,0.7477,-1,-1,-1
295,57,236.75,61.83,128.86,408.95,0.8833,-1,-1,-1
295,66,529.80,39.67,126.36,443.44,0.8526,-1,-1,-1
295,67,442.97,10.30,139.21,440.12,0.8817,-1,-1,-1
295,70,374.70,166.06,46.69,173.66,0.7780,-1,-1,-1
296,2,30.37,53.25,172.24,425.69,0.8221,-1,-1,-1
296,57,242.99,53.21,132.52,423.40,0.8884,-1,-1,-1
296,67,455.40,2.41,145.91,459.22,0.8690,-1,-1,-1
296,70,389.41,164.76,47.93,176.28,0.8128,-1,-1,-1
296,68,224.05,194.27,33.44,117.29,0.7645,-1,-1,-1
296,71,556.88,62.92,83.26,416.30,0.7014,-1,-1,-1
297,2,28.44,55.07,176.36,423.31,0.8672,-1,-1,-1
297,57,244.58,40.26,136.89,439.11,0.8809,-1,-1,-1
297,67,467.70,-1.45,150.77,469.77,0.8799,-1,-1,-1
297,70,398.84,162.94,49.30,176.47,0.8627,-1,-1,-1
297,73,2.05,126.72,68.55,206.77,0.7810,-1,-1,-1
297,68,224.15,196.06,32.41,111.60,0.4856,-1,-1,-1
298,2,46.62,55.45,177.26,423.31,0.7866,-1,-1,-1
298,57,240.44,24.56,142.54,457.15,0.8797,-1,-1,-1
298,67,477.05,-2.68,156.30,482.00,0.9150,-1,-1,-1
298,70,414.55,165.12,50.96,173.24,0.8573,-1,-1,-1
298,73,-3.17,122.47,65.35,197.74,0.8388,-1,-1,-1
299,2,59.32,54.71,177.68,423.59,0.8572,-1,-1,-1
299,57,237.56,12.24,146.06,470.77,0.8843,-1,-1,-1
299,67,481.72,-2.81,158.84,486.58,0.9084,-1,-1,-1
299,70,422.94,167.46,52.88,170.60,0.8671,-1,-1,-1
299,73,-6.71,117.88,65.82,200.46,0.8598,-1,-1,-1
300,2,70.27,52.34,177.68,427.09,0.8131,-1,-1,-1
300,57,229.10,2.20,148.70,479.92,0.8594,-1,-1,-1
300,67,488.41,-2.90,158.88,488.02,0.8959,-1,-1,-1
300,70,428.81,165.70,55.35,171.22,0.8894,-1,-1,-1
300,73,-4.61,131.08,64.95,198.54,0.8118,-1,-1,-1
300,74,371.68,168.23,41.84,136.38,0.7342,-1,-1,-1
301,2,75.66,49.57,175.98,429.56,0.8624,-1,-1,-1
301,57,221.27,-1.57,151.95,484.32,0.9034,-1,-1,-1
301,67,493.75,-2.74,157.49,486.87,0.9061,-1,-1,-1
301,70,433.34,164.25,57.40,172.07,0.8430,-1,-1,-1
301,73,-0.11,144.83,59.81,182.22,0.7264,-1,-1,-1
301,74,371.43,166.69,42.77,138.56,0.7594,-1,-1,-1
302,2,80.07,44.73,172.99,431.60,0.7945,-1,-1,-1
302,57,199.90,-2.82,154.98,484.66,0.8283,-1,-1,-1
302,67,501.29,-2.42,155.09,486.94,0.9075,-1,-1,-1
302,70,444.69,161.50,58.13,172.91,0.7802,-1,-1,-1
302,73,-0.44,146.34,56.29,171.97,0.6397,-1,-1,-1
302,74,373.61,165.00,44.49,141.58,0.6599,-1,-1,-1
303,2,103.59,15.30,188.51,463.35,0.6799,-1,-1,-1
303,67,510.08,-2.22,151.32,486.58,0.9000,-1,-1,-1
303,70,455.68,159.63,59.30,173.71,0.7804,-1,-1,-1
303,73,6.01,146.94,54.94,168.42,0.6055,-1,-1,-1
303,74,383.86,163.27,45.46,143.20,0.6279,-1,-1,-1
303,75,56.01,103.21,77.21,307.29,0.6893,-1,-1,-1
304,2,107.43,4.31,191.83,472.94,0.7526,-1,-1,-1
304,70,464.48,158.19,59.66,173.34,0.8056,-1,-1,-1
304,74,388.36,160.76,45.39,141.66,0.6639,-1,-1,-1
304,75,30.35,94.72,76.05,299.26,0.8245,-1,-1,-1
304,76,343.38,191.72,32.64,121.59,0.6366,-1,-1,-1
304,71,541.92,5.57,95.58,475.35,0.8459,-1,-1,-1
305,2,94.40,0.56,191.14,472.26,0.3601,-1,-1,-1
305,70,469.46,160.28,59.81,172.08,0.8322,-1,-1,-1
305,74,388.81,160.19,47.17,146.73,0.7339,-1,-1,-1
305,75,29.28,90.97,78.41,301.08,0.8745,-1,-1,-1
305,76,345.92,189.84,34.16,125.50,0.7112,-1,-1,-1
305,78,277.31,156.99,39.44,149.81,0.5748,-1,-1,-1
305,79,291.93,157.43,67.26,159.23,0.5843,-1,-1,-1
305,71,547.73,4.02,94.32,475.91,0.7596,-1,-1,-1
306,2,51.77,-0.67,195.16,469.52,0.3534,-1,-1,-1
306,70,473.40,160.94,60.32,170.30,0.8049,-1,-1,-1
306,74,389.20,159.07,48.29,148.61,0.7649,-1,-1,-1
306,75,14.75,86.34,65.82,248.92,0.3057,-1,-1,-1
306,76,350.70,188.67,34.42,125.77,0.5545,-1,-1,-1
306,78,271.76,160.15,38.88,147.79,0.5980,-1,-1,-1
306,79,295.08,154.51,68.42,162.79,0.6876,-1,-1,-1
306,71,535.37,87.87,71.21,325.14,0.8043,-1,-1,-1
307,2,22.62,-1.28,199.26,475.73,0.3875,-1,-1,-1
307,70,472.98,163.19,60.31,169.79,0.7173,-1,-1,-1
307,74,392.61,158.37,49.66,149.38,0.7865,-1,-1,-1
307,76,348.84,187.25,35.36,127.68,0.5542,-1,-1,-1
307,78,267.89,155.09,39.39,149.44,0.4168,-1,-1,-1
307,79,296.34,152.88,69.16,165.76,0.7663,-1,-1,-1
307,71,532.06,119.64,64.54,265.16,0.8132,-1,-1,-1
307,57,175.96,89.37,111.88,352.73,0.6156,-1,-1,-1
308,70,480.42,170.24,57.10,159.30,0.3117,-1,-1,-1
308,74,395.58,158.39,51.28,148.98,0.8040,-1,-1,-1
308,76,353.22,185.77,35.82,129.39,0.7032,-1,-1,-1
308,78,272.93,173.29,32.09,121.27,0.4042,-1,-1,-1
308,79,298.51,151.13,69.52,168.33,0.7903,-1,-1,-1
308,71,524.43,124.57,68.67,256.37,0.8262,-1,-1,-1
308,57,156.86,67.08,127.45,399.98,0.8631,-1,-1,-1
309,74,398.10,158.04,53.24,150.62,0.8140,-1,-1,-1
309,76,361.42,184.92,35.92,129.52,0.6370,-1,-1,-1
309,79,306.58,150.50,70.15,169.83,0.8433,-1,-1,-1
309,71,518.29,122.42,78.57,270.77,0.8728,-1,-1,-1
309,57,140.30,61.91,136.80,413.51,0.8760,-1,-1,-1
309,2,-26.83,-0.91,190.75,478.44,0.5364,-1,-1,-1
310,74,399.14,158.40,54.76,153.30,0.7615,-1,-1,-1
310,76,369.46,185.32,37.48,131.37,0.6415,-1,-1,-1
310,79,309.37,151.39,71.43,171.83,0.8537,-1,-1,-1
310,71,518.44,122.23,87.34,282.91,0.8440,-1,-1,-1
310,57,130.57,78.46,138.81,400.21,0.8673,-1,-1,-1
310,81,466.85,174.31,32.67,118.44,0.6793,-1,-1,-1
311,74,399.39,158.73,56.26,156.68,0.7741,-1,-1,-1
311,76,373.12,186.53,39.15,133.06,0.6605,-1,-1,-1
311,79,306.25,152.10,72.99,173.83,0.8541,-1,-1,-1
311,71,515.19,119.07,98.42,304.42,0.8847,-1,-1,-1
311,57,128.96,82.54,141.31,397.36,0.8417,-1,-1,-1
311,81,463.64,176.65,32.31,116.70,0.7471,-1,-1,-1
311,73,-2.78,153.35,49.72,155.25,0.5226,-1,-1,-1
311,2,8.92,56.45,152.80,393.99,0.8240,-1,-1,-1
312,74,399.08,155.26,58.36,162.09,0.7224,-1,-1,-1
312,76,372.49,188.18,40.62,134.15,0.6159,-1,-1,-1
312,79,301.57,151.07,75.33,177.51,0.8819,-1,-1,-1
312,71,508.47,111.70,107.89,322.64,0.8926,-1,-1,-1
312,57,123.12,70.51,147.21,408.55,0.8811,-1,-1,-1
312,81,457.08,177.54,32.25,116.04,0.7328,-1,-1,-1
312,2,-6.54,60.86,148.60,390.57,0.8998,-1,-1,-1
313,74,399.19,155.84,58.83,163.05,0.7334,-1,-1,-1
313,76,368.03,188.47,42.34,137.02,0.6820,-1,-1,-1
313,79,299.71,150.17,77.01,180.41,0.8425,-1,-1,-1
313,71,499.59,101.84,116.32,339.63,0.8804,-1,-1,-1
313,57,117.64,70.19,149.54,408.91,0.8785,-1,-1,-1
313,81,450.18,178.23,31.96,114.14,0.7120,-1,-1,-1
313,2,-20.05,55.85,147.45,403.11,0.8864,-1,-1,-1
314,74,399.94,155.57,59.36,164.55,0.7813,-1,-1,-1
314,76,367.67,186.18,43.52,139.73,0.7039,-1,-1,-1
314,79,301.38,149.11,78.39,183.21,0.8190,-1,-1,-1
314,71,493.00,91.55,124.27,355.64,0.8714,-1,-1,-1
314,57,115.50,68.16,152.65,411.75,0.8714,-1,-1,-1
314,81,445.51,177.84,32.02,113.91,0.6567,-1,-1,-1
314,2,-30.14,45.42,147.10,423.11,0.8191,-1,-1,-1
315,74,407.24,158.03,59.88,163.86,0.7406,-1,-1,-1
315,76,374.51,188.40,45.02,143.90,0.6789,-1,-1,-1
315,79,305.58,150.82,78.66,186.89,0.8029,-1,-1,-1
315,71,489.32,83.22,135.53,381.91,0.8983,-1,-1,-1
315,57,119.22,69.45,154.44,410.76,0.8883,-1,-1,-1
315,73,14.15,150.10,60.97,178.90,0.7585,-1,-1,-1
316,74,414.75,157.07,59.89,163.26,0.7188,-1,-1,-1
316,76,383.19,188.55,47.77,145.49,0.8180,-1,-1,-1
316,79,310.71,147.66,79.58,191.72,0.7824,-1,-1,-1
316,71,486.17,72.45,144.51,404.00,0.9018,-1,-1,-1
316,57,123.78,66.97,157.59,413.33,0.8936,-1,-1,-1
316,73,19.14,147.18,61.85,179.99,0.8003,-1,-1,-1
317,74,423.34,156.31,60.81,166.49,0.7290,-1,-1,-1
317,76,394.89,188.58,50.97,147.93,0.5474,-1,-1,-1
317,79,319.38,144.88,81.29,196.27,0.8410,-1,-1,-1
317,71,486.03,58.57,150.91,422.22,0.9216,-1,-1,-1
317,57,129.48,66.34,159.63,413.28,0.8970,-1,-1,-1
317,73,26.31,146.02,61.09,179.67,0.8410,-1,-1,-1
318,74,431.69,156.38,60.86,167.12,0.7450,-1,-1,-1
318,76,404.25,186.27,53.87,151.16,0.7631,-1,-1,-1
318,79,325.23,142.66,82.94,200.03,0.8617,-1,-1,-1
318,71,486.58,46.44,154.93,435.90,0.9193,-1,-1,-1
318,57,135.93,67.39,161.85,412.64,0.8459,-1,-1,-1
318,73,30.77,145.88,61.01,180.15,0.8350,-1,-1,-1
319,74,440.09,151.95,61.78,170.42,0.6665,-1,-1,-1
319,76,413.24,184.52,55.88,152.37,0.5634,-1,-1,-1
319,79,331.59,131.54,88.34,211.77,0.8664,-1,-1,-1
319,71,488.86,24.95,159.58,456.51,0.9129,-1,-1,-1
319,57,142.29,70.28,162.10,408.55,0.8765,-1,-1,-1
319,73,36.40,145.59,60.71,178.75,0.8264,-1,-1,-1
320,74,452.83,147.50,62.83,174.48,0.4718,-1,-1,-1
320,76,421.58,176.50,58.85,159.52,0.6893,-1,-1,-1
320,79,337.88,131.32,89.55,211.28,0.8862,-1,-1,-1
320,71,494.43,7.23,161.63,475.05,0.8849,-1,-1,-1
320,57,151.98,73.57,162.49,405.69,0.8649,-1,-1,-1
320,73,38.89,143.80,61.91,178.25,0.8178,-1,-1,-1
321,74,453.74,162.91,58.27,166.72,0.5411,-1,-1,-1
321,79,346.00,126.72,92.27,215.32,0.8861,-1,-1,-1
321,57,164.52,60.35,167.61,419.18,0.8705,-1,-1,-1
321,73,45.94,138.03,63.26,179.65,0.8634,-1,-1,-1
322,74,469.17,161.35,59.80,169.65,0.6780,-1,-1,-1
322,79,356.81,119.30,94.74,219.16,0.8588,-1,-1,-1
322,57,177.18,50.05,171.50,429.89,0.8802,-1,-1,-1
322,73,55.78,132.02,63.32,178.98,0.8230,-1,-1,-1
322,70,574.72,62.98,84.46,260.46,0.7488,-1,-1,-1
323,74,480.94,162.20,60.19,169.78,0.5735,-1,-1,-1
323,79,375.66,114.74,96.66,224.48,0.8612,-1,-1,-1
323,57,191.57,42.79,174.35,437.29,0.9011,-1,-1,-1
323,73,68.63,127.02,62.50,177.43,0.8201,-1,-1,-1
323,84,142.63,104.94,75.50,213.65,0.8354,-1,-1,-1
323,76,462.36,166.79,43.12,117.43,0.7130,-1,-1,-1
324,74,499.98,159.18,65.01,173.08,0.7861,-1,-1,-1
324,79,391.08,109.49,97.08,229.19,0.8248,-1,-1,-1
324,57,202.23,34.88,177.55,445.25,0.9034,-1,-1,-1
324,73,76.67,123.37,62.14,177.04,0.7950,-1,-1,-1
324,84,139.72,99.15,78.25,221.16,0.8335,-1,-1,-1
324,76,471.97,163.80,39.66,109.47,0.6748,-1,-1,-1
325,74,517.34,154.96,68.64,176.96,0.7680,-1,-1,-1
325,79,406.47,102.45,97.89,236.41,0.8089,-1,-1,-1
325,57,213.91,32.66,178.62,447.47,0.9066,-1,-1,-1
325,73,76.31,122.04,63.63,177.04,0.7950,-1,-1,-1
325,84,129.23,92.87,84.23,237.96,0.8381,-1,-1,-1
325,81,382.37,144.41,49.53,174.80,0.7265,-1,-1,-1
326,74,531.33,152.29,70.37,179.66,0.6981,-1,-1,-1
326,79,418.40,98.53,98.22,242.93,0.8656,-1,-1,-1
326,57,219.24,34.28,178.58,445.83,0.8993,-1,-1,-1
326,73,77.37,122.82,66.22,178.23,0.7127,-1,-1,-1
326,84,119.87,89.15,87.84,247.87,0.8178,-1,-1,-1
326,81,383.09,142.15,50.55,178.42,0.6698,-1,-1,-1
327,74,554.35,146.72,71.31,183.11,0.8159,-1,-1,-1
327,79,427.47,94.40,99.04,248.05,0.8880,-1,-1,-1
327,57,224.50,35.85,178.48,443.02,0.8833,-1,-1,-1
327,73,77.94,123.05,66.26,177.13,0.6387,-1,-1,-1
327,84,105.45,82.61,91.70,258.24,0.8709,-1,-1,-1
327,81,388.65,139.74,51.32,180.14,0.7289,-1,-1,-1
328,74,566.62,144.32,73.32,189.14,0.7823,-1,-1,-1
328,79,432.13,92.86,100.45,251.24,0.8788,-1,-1,-1
328,57,224.98,38.76,179.55,438.22,0.8396,-1,-1,-1
328,84,89.92,78.26,97.12,274.47,0.7852,-1,-1,-1
328,89,1.21,125.26,29.45,159.55,0.7583,-1,-1,-1
329,74,569.74,144.97,73.84,190.00,0.8077,-1,-1,-1
329,79,431.15,91.51,102.31,254.61,0.8939,-1,-1,-1
329,57,229.75,39.19,181.46,439.74,0.8232,-1,-1,-1
329,84,65.26,69.84,102.89,289.39,0.8753,-1,-1,-1
329,89,7.07,125.10,29.52,158.06,0.7695,-1,-1,-1
330,74,568.62,147.84,74.80,190.94,0.7780,-1,-1,-1
330,79,427.83,92.18,104.38,259.28,0.8873,-1,-1,-1
330,57,238.68,36.03,182.71,443.63,0.8506,-1,-1,-1
330,84,47.16,63.02,108.32,304.91,0.8381,-1,-1,-1
330,89,9.19,129.60,29.74,156.40,0.6365,-1,-1,-1
330,91,543.16,108.76,75.10,215.55,0.5737,-1,-1,-1
330,76,505.25,138.64,57.69,158.45,0.6628,-1,-1,-1
331,79,428.25,92.82,105.59,263.36,0.8693,-1,-1,-1
331,57,242.04,33.43,183.69,446.50,0.8659,-1,-1,-1
331,84,27.44,55.41,113.23,318.47,0.8639,-1,-1,-1
331,89,8.96,131.98,30.56,157.48,0.6217,-1,-1,-1
331,91,549.24,110.28,77.97,225.04,0.7401,-1,-1,-1
331,76,504.74,136.88,59.80,162.88,0.5724,-1,-1,-1
331,81,396.07,141.38,56.96,190.93,0.6657,-1,-1,-1
332,79,439.03,89.34,105.58,265.87,0.8648,-1,-1,-1
332,57,242.62,29.01,185.40,450.94,0.9126,-1,-1,-1
332,84,4.78,44.46,118.70,335.98,0.8851,-1,-1,-1
332,91,557.43,107.96,76.54,221.15,0.7998,-1,-1,-1
332,81,405.50,138.13,58.11,195.98,0.6836,-1,-1,-1
333,79,446.77,87.59,104.11,266.85,0.8395,-1,-1,-1
333,57,243.54,26.02,186.20,454.01,0.8930,-1,-1,-1
333,84,-10.27,35.69,121.94,350.51,0.9165,-1,-1,-1
333,91,560.87,108.61,78.04,225.27,0.8702,-1,-1,-1
333,81,414.28,133.95,59.20,202.98,0.8001,-1,-1,-1
334,79,455.32,83.92,104.51,271.11,0.8788,-1,-1,-1
334,57,242.06,27.85,185.10,452.21,0.8954,-1,-1,-1
334,84,-25.66,25.91,122.50,366.04,0.8868,-1,-1,-1
334,91,559.64,108.73,77.92,223.55,0.9007,-1,-1,-1
334,81,416.70,131.28,60.86,209.02,0.8473,-1,-1,-1
335,79,459.03,83.53,103.81,272.79,0.8360,-1,-1,-1
335,57,241.22,28.40,183.79,449.84,0.9059,-1,-1,-1
335,84,-33.74,35.96,115.84,363.75,0.8330,-1,-1,-1
335,91,557.59,110.25,78.06,221.83,0.8956,-1,-1,-1
335,81,415.11,131.84,61.31,212.30,0.6963,-1,-1,-1
335,93,34.74,121.10,60.83,180.39,0.7376,-1,-1,-1
336,79,463.51,79.04,104.16,274.59,0.8487,-1,-1,-1
336,57,239.88,24.23,184.43,453.16,0.9050,-1,-1,-1
336,91,557.36,106.28,79.50,224.67,0.8826,-1,-1,-1
336,81,416.75,129.47,64.71,217.45,0.6553,-1,-1,-1
336,93,29.16,117.03,60.30,178.73,0.7521,-1,-1,-1
337,79,469.36,73.32,105.48,275.38,0.8443,-1,-1,-1
337,57,238.96,16.32,187.59,462.74,0.9129,-1,-1,-1
337,91,564.52,100.03,78.59,224.19,0.8724,-1,-1,-1
337,81,419.66,123.14,69.92,225.85,0.7624,-1,-1,-1
337,93,27.32,111.79,59.17,175.61,0.8423,-1,-1,-1
338,79,472.63,69.72,108.72,282.52,0.8408,-1,-1,-1
338,57,241.04,17.92,187.02,461.29,0.9027,-1,-1,-1
338,91,575.77,97.55,76.14,223.73,0.8011,-1,-1,-1
338,81,423.71,118.46,70.39,227.17,0.7688,-1,-1,-1
338,93,25.98,112.30,60.09,178.08,0.8275,-1,-1,-1
339,79,471.97,68.17,111.48,287.96,0.8681,-1,-1,-1
339,57,241.33,16.71,187.65,463.04,0.9062,-1,-1,-1
339,91,580.09,94.86,75.13,227.92,0.8486,-1,-1,-1
339,81,430.29,116.10,69.84,224.44,0.7680,-1,-1,-1
339,93,24.54,112.48,60.98,180.40,0.8276,-1,-1,-1
340,79,475.86,66.98,114.12,290.31,0.8770,-1,-1,-1
340,57,243.19,13.29,189.34,466.66,0.8863,-1,-1,-1
340,91,585.15,94.18,72.65,229.56,0.8175,-1,-1,-1
340,81,427.89,111.59,63.52,206.65,0.7668,-1,-1,-1
340,93,27.22,112.60,63.23,181.94,0.8413,-1,-1,-1
341,79,491.49,65.30,116.04,294.59,0.8618,-1,-1,-1
341,57,247.78,13.70,188.91,466.32,0.8715,-1,-1,-1
341,91,592.43,110.98,65.35,215.98,0.6625,-1,-1,-1
341,81,429.00,108.66,63.23,209.30,0.7800,-1,-1,-1
341,93,25.50,115.47,66.18,182.10,0.8640,-1,-1,-1
341,95,471.51,119.76,56.10,222.35,0.7191,-1,-1,-1
341,96,2.01,115.38,22.82,173.95,0.6964,-1,-1,-1
342,79,508.96,61.06,117.55,299.32,0.8154,-1,-1,-1
342,57,253.05,13.38,189.59,466.66,0.8401,-1,-1,-1
342,81,431.58,105.07,65.05,215.43,0.7182,-1,-1,-1
342,93,22.57,116.40,69.16,181.92,0.8865,-1,-1,-1
342,95,483.33,114.56,58.86,233.22,0.8003,-1,-1,-1
342,96,5.50,114.01,23.44,176.70,0.7069,-1,-1,-1
342,97,232.01,170.84,27.67,86.30,0.6955,-1,-1,-1
343,79,527.98,59.31,117.75,306.52,0.8511,-1,-1,-1
343,57,258.91,15.24,191.48,464.81,0.8245,-1,-1,-1
343,81,443.66,103.64,65.17,218.69,0.7998,-1,-1,-1
343,93,30.42,118.68,68.65,176.60,0.8432,-1,-1,-1
343,95,499.18,116.15,60.77,239.47,0.7783,-1,-1,-1
343,96,12.04,118.24,24.82,181.17,0.7693,-1,-1,-1
343,97,228.71,172.89,28.50,88.28,0.7600,-1,-1,-1
344,79,539.18,58.00,117.03,314.32,0.8875,-1,-1,-1
344,57,265.89,14.64,193.89,465.41,0.8382,-1,-1,-1
344,81,451.93,102.96,66.24,225.89,0.7392,-1,-1,-1
344,93,35.96,119.57,69.22,177.22,0.8142,-1,-1,-1
344,95,509.43,119.35,61.76,240.36,0.8537,-1,-1,-1
344,96,15.38,121.22,25.75,179.30,0.7613,-1,-1,-1
344,97,224.38,173.11,29.34,90.21,0.7700,-1,-1,-1
345,79,550.27,55.65,114.08,320.36,0.8783,-1,-1,-1
345,57,277.54,7.81,197.98,470.98,0.8087,-1,-1,-1
345,81,456.95,99.01,66.33,232.52,0.4731,-1,-1,-1
345,93,47.57,117.05,68.59,179.31,0.8050,-1,-1,-1
345,95,521.85,118.10,63.17,242.67,0.8285,-1,-1,-1
345,96,20.26,122.97,27.01,174.05,0.8403,-1,-1,-1
345,97,216.73,170.79,31.01,93.66,0.7456,-1,-1,-1
346,79,562.45,56.90,109.81,327.91,0.7633,-1,-1,-1
346,57,292.31,5.47,199.03,474.09,0.7968,-1,-1,-1
346,81,457.30,101.32,67.64,241.82,0.4935,-1,-1,-1
346,93,60.26,122.47,67.18,179.52,0.7773,-1,-1,-1
346,95,545.53,116.64,66.73,252.88,0.7942,-1,-1,-1
346,96,24.18,130.34,29.25,171.33,0.8447,-1,-1,-1
346,97,215.05,174.51,32.39,95.61,0.7929,-1,-1,-1
347,57,304.02,2.24,201.07,477.62,0.8326,-1,-1,-1
347,93,76.77,126.96,66.37,178.13,0.8375,-1,-1,-1
347,95,566.56,114.20,69.18,262.30,0.8130,-1,-1,-1
347,96,30.05,131.52,32.36,173.54,0.8244,-1,-1,-1
347,97,217.17,175.92,33.43,96.88,0.7566,-1,-1,-1
348,57,313.20,1.01,201.92,478.96,0.7764,-1,-1,-1
348,93,87.59,128.44,66.31,175.00,0.8690,-1,-1,-1
348,95,579.07,109.34,68.28,261.78,0.8473,-1,-1,-1
348,96,38.92,128.73,34.39,173.88,0.7701,-1,-1,-1
348,97,216.67,172.67,34.71,99.51,0.6570,-1,-1,-1
349,57,320.63,0.85,202.27,478.01,0.8062,-1,-1,-1
349,93,94.43,132.00,66.60,170.93,0.8357,-1,-1,-1
349,95,588.59,111.32,66.39,261.21,0.7199,-1,-1,-1
349,96,54.92,129.16,35.89,174.38,0.7852,-1,-1,-1
349,97,212.45,171.46,36.05,101.88,0.5479,-1,-1,-1
350,57,323.39,0.48,203.22,479.11,0.8556,-1,-1,-1
350,93,95.66,131.79,68.85,172.92,0.8514,-1,-1,-1
350,95,597.39,126.44,60.87,248.02,0.6293,-1,-1,-1
350,96,61.85,130.48,36.83,171.94,0.7859,-1,-1,-1
350,97,207.83,170.62,37.26,104.02,0.6748,-1,-1,-1
350,99,26.49,158.53,34.43,117.75,0.5303,-1,-1,-1
350,81,493.47,81.17,79.00,293.47,0.7982,-1,-1,-1
351,57,326.44,0.43,204.18,479.44,0.8401,-1,-1,-1
351,93,108.75,129.04,66.74,171.06,0.8051,-1,-1,-1
351,96,71.58,129.70,40.23,170.51,0.8459,-1,-1,-1
351,97,203.20,168.74,37.95,104.25,0.6916,-1,-1,-1
351,99,26.87,155.11,35.11,119.57,0.5894,-1,-1,-1
351,81,501.77,68.82,83.14,318.00,0.7698,-1,-1,-1
352,57,325.37,0.53,203.03,478.18,0.8305,-1,-1,-1
352,93,122.75,126.73,65.06,170.38,0.8240,-1,-1,-1
352,96,79.24,130.33,44.27,167.01,0.8871,-1,-1,-1
352,97,198.48,166.29,39.57,107.25,0.7718,-1,-1,-1
352,99,30.38,151.84,35.79,120.72,0.3489,-1,-1,-1
352,81,509.14,61.80,88.37,337.90,0.5611,-1,-1,-1
353,57,329.74,0.44,203.48,479.01,0.8403,-1,-1,-1
353,93,136.20,123.01,64.33,171.12,0.8178,-1,-1,-1
353,96,82.29,131.08,47.45,163.30,0.8760,-1,-1,-1
353,97,196.89,162.19,40.56,109.38,0.5693,-1,-1,-1
353,99,30.76,145.61,36.96,123.92,0.3288,-1,-1,-1
353,81,517.17,52.77,95.30,360.94,0.8688,-1,-1,-1
354,57,333.81,0.66,204.17,478.69,0.8394,-1,-1,-1
354,93,148.59,125.23,64.30,171.49,0.8322,-1,-1,-1
354,96,85.70,133.25,50.70,162.90,0.8426,-1,-1,-1
354,97,195.77,163.51,39.86,107.85,0.6842,-1,-1,-1
354,81,527.21,45.75,101.34,378.88,0.9041,-1,-1,-1
354,100,3.49,88.28,35.31,262.57,0.7611,-1,-1,-1
355,57,337.45,0.38,205.69,477.42,0.7049,-1,-1,-1
355,93,160.94,131.65,65.39,168.03,0.8619,-1,-1,-1
355,96,102.27,133.98,52.65,162.75,0.8368,-1,-1,-1
355,81,538.29,36.33,105.04,399.44,0.8924,-1,-1,-1
355,100,12.37,74.93,39.63,290.39,0.8493,-1,-1,-1
356,57,341.43,0.22,207.10,473.44,0.6621,-1,-1,-1
356,93,162.97,131.12,67.15,166.45,0.8628,-1,-1,-1
356,96,114.20,129.94,53.34,163.18,0.7902,-1,-1,-1
356,81,545.51,20.76,106.69,417.07,0.8952,-1,-1,-1
356,100,16.70,49.79,43.81,313.82,0.8704,-1,-1,-1
357,57,339.73,0.20,211.26,477.45,0.7511,-1,-1,-1
357,93,165.28,129.05,68.12,166.10,0.8381,-1,-1,-1
357,96,125.57,127.46,53.04,161.55,0.7951,-1,-1,-1
357,81,552.03,13.13,110.49,453.17,0.7955,-1,-1,-1
357,100,26.65,38.59,46.39,315.64,0.9116,-1,-1,-1
358,57,340.58,0.39,214.27,478.78,0.7974,-1,-1,-1
358,93,170.62,130.01,67.08,165.07,0.7143,-1,-1,-1
358,96,131.03,130.73,53.70,161.67,0.8413,-1,-1,-1
358,81,565.08,43.04,96.66,413.58,0.7906,-1,-1,-1
358,100,30.28,39.48,48.97,313.71,0.9061,-1,-1,-1
358,103,538.75,20.36,69.73,371.98,0.8244,-1,-1,-1
359,57,341.96,11.01,211.30,466.36,0.8331,-1,-1,-1
359,93,178.15,146.06,64.84,164.27,0.7842,-1,-1,-1
359,96,131.84,150.42,54.90,158.78,0.8435,-1,-1,-1
359,81,575.27,71.52,86.42,388.19,0.7897,-1,-1,-1
359,100,27.56,63.82,51.12,309.95,0.9116,-1,-1,-1
359,103,537.57,37.40,72.22,384.20,0.8600,-1,-1,-1
360,57,344.36,22.78,208.53,454.54,0.8131,-1,-1,-1
360,93,184.16,156.81,62.83,164.67,0.8011,-1,-1,-1
360,96,130.50,159.28,57.79,162.12,0.8403,-1,-1,-1
360,100,23.76,77.43,53.72,310.04,0.9074,-1,-1,-1
360,103,544.26,42.81,76.22,402.09,0.8534,-1,-1,-1
361,57,343.54,20.88,210.37,455.34,0.8067,-1,-1,-1
361,93,185.36,158.41,61.37,164.54,0.8306,-1,-1,-1
361,96,127.25,161.64,58.54,161.04,0.8033,-1,-1,-1
361,100,18.75,75.65,56.72,315.33,0.9181,-1,-1,-1
361,103,543.63,29.06,80.76,419.66,0.8875,-1,-1,-1
362,57,341.24,15.34,214.04,461.83,0.8219,-1,-1,-1
362,93,183.20,156.72,60.30,163.03,0.8650,-1,-1,-1
362,96,132.20,157.74,56.35,157.14,0.7194,-1,-1,-1
362,100,16.73,68.90,60.00,321.31,0.8995,-1,-1,-1
362,103,541.27,9.10,85.97,440.21,0.8871,-1,-1,-1
363,57,343.44,13.80,214.96,462.74,0.8706,-1,-1,-1
363,93,182.70,157.88,60.29,162.53,0.8109,-1,-1,-1
363,96,136.49,156.51,55.16,156.09,0.7851,-1,-1,-1
363,100,17.21,67.41,63.63,326.14,0.8985,-1,-1,-1
363,103,542.04,1.77,89.53,453.79,0.8737,-1,-1,-1
364,57,349.16,16.91,212.95,459.74,0.8308,-1,-1,-1
364,93,183.97,162.81,60.39,163.28,0.8289,-1,-1,-1
364,96,142.62,161.59,54.55,156.67,0.8068,-1,-1,-1
364,100,18.22,72.82,67.29,328.87,0.8798,-1,-1,-1
364,103,545.15,0.60,93.54,474.50,0.8256,-1,-1,-1
364,104,93.12,178.85,49.17,137.59,0.7116,-1,-1,-1
365,57,349.55,20.19,211.52,458.64,0.8641,-1,-1,-1
365,93,188.23,167.67,58.63,161.27,0.8368,-1,-1,-1
365,96,144.14,167.16,54.50,156.88,0.8375,-1,-1,-1
365,100,17.62,80.47,69.90,326.93,0.8847,-1,-1,-1
365,103,549.06,23.48,90.57,458.01,0.8246,-1,-1,-1
365,104,83.51,178.36,51.34,143.77,0.3854,-1,-1,-1
366,57,347.39,18.81,211.26,460.85,0.8090,-1,-1,-1
366,93,190.23,160.21,57.34,160.26,0.8535,-1,-1,-1
366,96,144.93,163.76,56.57,154.53,0.8549,-1,-1,-1
366,100,16.20,75.29,72.18,324.62,0.8833,-1,-1,-1
366,103,558.38,27.62,88.35,453.52,0.8544,-1,-1,-1
367,57,351.58,15.03,212.00,464.93,0.7831,-1,-1,-1
367,93,196.94,152.40,56.26,159.15,0.8118,-1,-1,-1
367,96,144.07,156.67,57.71,152.31,0.8683,-1,-1,-1
367,100,18.14,67.32,75.49,323.27,0.6887,-1,-1,-1
368,57,363.20,14.56,210.64,462.67,0.7972,-1,-1,-1
368,93,208.67,150.48,56.16,158.97,0.8367,-1,-1,-1
368,96,148.89,155.88,58.74,151.25,0.8737,-1,-1,-1
368,100,20.18,65.98,79.76,324.16,0.9084,-1,-1,-1
369,57,376.35,14.84,211.01,464.19,0.7992,-1,-1,-1
369,93,222.51,154.47,57.24,159.27,0.8792,-1,-1,-1
369,96,160.86,158.91,59.83,152.10,0.8360,-1,-1,-1
369,100,24.36,72.95,82.97,315.71,0.9081,-1,-1,-1
370,57,394.13,12.37,209.56,467.34,0.7041,-1,-1,-1
370,93,226.14,159.74,57.75,157.66,0.8730,-1,-1,-1
370,96,172.11,161.12,58.90,150.12,0.8049,-1,-1,-1
370,100,24.83,75.91,86.27,309.30,0.9045,-1,-1,-1
371,57,390.96,8.68,213.12,470.82,0.7239,-1,-1,-1
371,93,227.37,160.31,58.38,157.26,0.8603,-1,-1,-1
371,96,181.87,158.65,58.67,151.99,0.8103,-1,-1,-1
371,100,23.27,75.15,90.55,308.73,0.8934,-1,-1,-1
372,57,400.06,3.13,216.58,473.31,0.7739,-1,-1,-1
372,93,232.72,159.93,58.18,155.68,0.8309,-1,-1,-1
372,96,190.59,158.88,57.71,151.39,0.8387,-1,-1,-1
372,100,25.87,74.08,94.22,308.20,0.8884,-1,-1,-1
373,57,403.83,1.01,221.01,476.50,0.7730,-1,-1,-1
373,93,244.98,158.27,58.27,156.83,0.8102,-1,-1,-1
373,96,202.38,159.33,57.20,150.69,0.7865,-1,-1,-1
373,100,34.40,77.79,97.59,308.09,0.8768,-1,-1,-1
374,57,406.54,0.34,224.11,478.78,0.8052,-1,-1,-1
374,93,258.07,158.57,57.10,157.08,0.8150,-1,-1,-1
374,96,212.63,163.48,56.59,147.95,0.8291,-1,-1,-1
374,100,40.56,82.78,101.40,309.99,0.9135,-1,-1,-1
374,107,3.65,106.79,39.01,274.33,0.8111,-1,-1,-1
375,57,414.57,-0.02,224.42,479.75,0.8331,-1,-1,-1
375,93,267.08,158.14,55.98,157.19,0.8192,-1,-1,-1
375,96,217.60,164.47,56.62,147.00,0.8252,-1,-1,-1
375,100,41.49,80.97,105.62,316.35,0.9087,-1,-1,-1
375,107,5.06,103.38,39.95,279.44,0.8408,-1,-1,-1
376,57,421.54,0.15,223.34,479.81,0.8702,-1,-1,-1
376,93,273.86,159.30,54.29,155.04,0.8114,-1,-1,-1
376,96,222.05,163.37,56.94,148.43,0.8276,-1,-1,-1
376,100,45.51,80.43,107.32,314.23,0.8995,-1,-1,-1
376,107,8.94,100.40,40.80,281.31,0.8471,-1,-1,-1
377,57,436.82,11.81,214.82,467.58,0.8271,-1,-1,-1
377,93,278.05,160.66,53.37,154.07,0.8217,-1,-1,-1
377,96,227.27,161.09,55.41,146.36,0.8411,-1,-1,-1
377,100,48.63,75.76,110.32,314.91,0.9036,-1,-1,-1
377,107,11.28,97.26,42.63,287.97,0.8691,-1,-1,-1
377,109,446.96,192.67,37.15,89.43,0.6946,-1,-1,-1
378,57,454.27,21.83,205.13,456.56,0.7827,-1,-1,-1
378,93,281.07,160.24,53.22,155.15,0.7886,-1,-1,-1
378,96,231.05,159.94,54.64,147.01,0.8088,-1,-1,-1
378,100,53.78,73.59,110.52,308.96,0.9042,-1,-1,-1
378,107,11.95,95.95,44.14,290.93,0.8417,-1,-1,-1
378,109,448.39,192.99,37.84,91.01,0.7469,-1,-1,-1
379,57,472.87,35.11,193.62,444.35,0.8235,-1,-1,-1
379,93,286.16,157.28,52.53,154.70,0.8250,-1,-1,-1
379,96,234.61,159.00,53.76,147.37,0.7581,-1,-1,-1
379,100,54.04,71.30,112.80,310.66,0.9090,-1,-1,-1
379,107,8.68,95.09,43.48,281.89,0.8316,-1,-1,-1
379,109,449.06,191.73,37.22,89.20,0.7358,-1,-1,-1
380,57,493.39,49.24,179.82,429.75,0.7982,-1,-1,-1
380,93,290.34,158.44,51.55,153.75,0.8534,-1,-1,-1
380,96,238.95,160.94,53.83,147.59,0.7777,-1,-1,-1
380,100,50.72,71.63,115.98,315.88,0.9091,-1,-1,-1
380,107,7.02,98.37,43.94,280.14,0.8308,-1,-1,-1
380,109,446.89,192.65,38.09,91.03,0.7601,-1,-1,-1
381,57,513.17,70.93,162.87,407.84,0.8514,-1,-1,-1
381,93,292.63,160.68,51.27,154.61,0.8393,-1,-1,-1
381,96,239.99,166.71,53.76,145.62,0.8033,-1,-1,-1
381,100,45.35,74.10,118.89,321.93,0.9010,-1,-1,-1
381,107,4.56,107.27,43.46,274.33,0.8099,-1,-1,-1
381,109,445.30,194.99,38.51,91.63,0.6528,-1,-1,-1
381,111,509.95,164.68,62.58,166.84,0.7992,-1,-1,-1
382,57,535.58,106.02,140.86,371.99,0.8172,-1,-1,-1
382,93,294.22,159.95,51.87,156.33,0.8302,-1,-1,-1
382,96,237.60,169.24,53.85,144.43,0.7872,-1,-1,-1
382,100,38.51,75.02,121.47,328.71,0.8928,-1,-1,-1
382,107,3.70,119.64,36.85,229.22,0.7745,-1,-1,-1
382,109,447.13,195.27,38.15,90.81,0.5538,-1,-1,-1
382,111,513.65,164.18,64.52,171.35,0.8205,-1,-1,-1
383,93,294.47,160.99,53.20,158.77,0.8608,-1,-1,-1
383,96,234.14,171.42,54.40,144.67,0.8325,-1,-1,-1
383,100,28.13,75.47,123.99,335.44,0.9024,-1,-1,-1
383,107,2.94,133.34,33.40,204.95,0.7271,-1,-1,-1
383,109,444.11,199.29,36.82,87.63,0.5164,-1,-1,-1
383,111,514.19,163.44,67.77,178.38,0.8430,-1,-1,-1
384,93,289.90,161.53,53.34,158.27,0.8820,-1,-1,-1
384,96,233.82,168.31,54.80,144.78,0.8165,-1,-1,-1
384,100,13.96,73.83,124.53,336.13,0.8993,-1,-1,-1
384,107,1.36,167.03,25.76,157.29,0.5620,-1,-1,-1
384,109,438.42,197.51,37.36,87.93,0.5954,-1,-1,-1
384,111,515.12,155.42,70.92,185.54,0.8693,-1,-1,-1
385,93,287.25,160.81,53.46,158.02,0.8696,-1,-1,-1
385,96,235.12,164.62,54.77,145.70,0.8233,-1,-1,-1
385,100,5.19,69.06,124.50,335.26,0.9165,-1,-1,-1
385,109,435.59,195.58,37.32,86.90,0.7242,-1,-1,-1
385,111,515.23,149.56,73.73,192.31,0.8483,-1,-1,-1
386,93,286.63,158.33,53.50,158.10,0.8676,-1,-1,-1
386,96,236.74,161.16,55.24,148.50,0.8104,-1,-1,-1
386,100,-0.17,64.43,124.97,337.65,0.9177,-1,-1,-1
386,109,431.92,192.72,37.72,86.80,0.6964,-1,-1,-1
386,111,515.01,144.31,76.99,203.77,0.8515,-1,-1,-1
387,93,286.64,154.84,53.10,158.89,0.8399,-1,-1,-1
387,96,236.14,160.07,55.26,148.86,0.8193,-1,-1,-1
387,100,-4.14,59.60,127.20,346.62,0.9154,-1,-1,-1
387,109,425.48,191.38,38.07,86.93,0.6860,-1,-1,-1
387,111,516.17,138.34,81.41,217.75,0.8725,-1,-1,-1
388,93,286.06,154.90,52.54,159.87,0.8042,-1,-1,-1
388,96,235.04,162.57,54.52,147.59,0.8594,-1,-1,-1
388,100,-7.93,57.45,128.49,355.29,0.9080,-1,-1,-1
388,109,419.73,190.76,38.95,88.84,0.5981,-1,-1,-1
388,111,515.32,135.38,84.46,228.65,0.8618,-1,-1,-1
389,93,283.63,160.31,51.85,159.79,0.7682,-1,-1,-1
389,96,231.06,168.54,53.62,145.33,0.8681,-1,-1,-1
389,100,-10.26,58.17,127.32,358.22,0.9008,-1,-1,-1
389,109,419.69,194.93,37.38,87.93,0.4452,-1,-1,-1
389,111,515.53,134.76,87.99,241.35,0.8784,-1,-1,-1
390,93,279.56,162.30,50.88,156.28,0.8282,-1,-1,-1
390,96,225.33,167.96,54.49,147.91,0.8404,-1,-1,-1
390,100,-11.78,58.07,121.29,348.37,0.8814,-1,-1,-1
390,109,409.15,194.88,36.88,86.21,0.6970,-1,-1,-1
390,111,513.31,127.71,90.75,252.21,0.8743,-1,-1,-1
391,93,271.79,162.78,50.20,154.61,0.7900,-1,-1,-1
391,96,218.25,165.56,53.08,144.96,0.8555,-1,-1,-1
391,100,-13.21,81.38,109.99,324.42,0.8843,-1,-1,-1
391,109,398.98,193.06,36.22,84.71,0.6724,-1,-1,-1
391,111,509.24,117.85,95.48,264.66,0.8818,-1,-1,-1
392,93,266.30,159.17,50.86,156.89,0.7479,-1,-1,-1
392,96,213.31,162.55,52.65,145.37,0.8308,-1,-1,-1
392,100,-17.02,92.11,103.20,315.97,0.8573,-1,-1,-1
392,109,391.52,192.52,34.66,80.40,0.7530,-1,-1,-1
392,111,508.38,109.77,100.90,274.92,0.8903,-1,-1,-1
393,93,262.18,162.00,50.36,154.41,0.8069,-1,-1,-1
393,96,208.44,163.59,52.94,148.28,0.8187,-1,-1,-1
393,100,-20.74,100.32,97.10,311.77,0.7828,-1,-1,-1
393,109,384.47,195.24,35.33,81.63,0.7256,-1,-1,-1
393,111,507.25,106.22,111.69,295.69,0.9025,-1,-1,-1
394,93,261.10,161.92,50.40,154.33,0.7966,-1,-1,-1
394,96,208.08,164.61,52.71,149.64,0.8239,-1,-1,-1
394,100,-16.93,103.88,94.21,312.08,0.6979,-1,-1,-1
394,109,382.39,195.71,35.88,82.58,0.7380,-1,-1,-1
394,111,505.79,102.63,119.76,310.58,0.9112,-1,-1,-1
395,93,256.96,159.98,50.56,154.65,0.8398,-1,-1,-1
395,96,207.19,162.80,52.76,149.88,0.8530,-1,-1,-1
395,109,378.06,194.05,36.28,83.40,0.7644,-1,-1,-1
395,111,500.12,95.26,129.51,330.74,0.9142,-1,-1,-1
396,93,253.49,160.71,50.48,155.24,0.8373,-1,-1,-1
396,96,205.20,165.22,53.14,149.81,0.8394,-1,-1,-1
396,109,373.31,196.16,35.93,82.67,0.7302,-1,-1,-1
396,111,494.95,88.47,139.74,354.59,0.9193,-1,-1,-1
396,113,-3.95,108.84,35.61,223.83,0.6883,-1,-1,-1
397,93,252.56,163.81,50.14,155.00,0.8373,-1,-1,-1
397,96,201.18,168.20,52.79,148.22,0.8517,-1,-1,-1
397,109,369.16,198.99,34.92,81.05,0.4871,-1,-1,-1
397,111,491.83,79.10,149.13,379.77,0.9147,-1,-1,-1
398,93,252.07,167.52,49.69,154.54,0.8324,-1,-1,-1
398,96,199.16,171.57,52.40,147.27,0.8325,-1,-1,-1
398,109,367.41,201.34,34.43,80.34,0.5843,-1,-1,-1
398,111,494.92,65.74,155.84,404.48,0.8971,-1,-1,-1
399,93,251.84,166.87,49.78,154.98,0.8189,-1,-1,-1
399,96,199.04,170.60,52.30,147.23,0.8104,-1,-1,-1
399,109,366.58,198.23,35.35,82.50,0.5748,-1,-1,-1
399,111,497.89,46.88,161.82,432.14,0.8849,-1,-1,-1
400,93,250.56,165.60,49.19,153.16,0.8584,-1,-1,-1
400,96,200.66,166.72,51.63,147.47,0.8163,-1,-1,-1
400,109,362.82,196.30,35.46,83.50,0.7028,-1,-1,-1
400,111,504.93,30.11,163.05,452.69,0.8502,-1,-1,-1
401,93,249.03,164.86,48.56,151.06,0.8306,-1,-1,-1
401,96,199.70,164.75,51.60,147.36,0.8370,-1,-1,-1
401,109,358.80,197.90,34.61,81.91,0.4776,-1,-1,-1
401,111,518.52,25.21,157.07,458.85,0.8554,-1,-1,-1
402,93,245.85,162.16,47.91,149.80,0.8265,-1,-1,-1
402,96,196.81,162.19,51.68,148.08,0.8397,-1,-1,-1
402,111,538.73,57.52,138.01,426.75,0.8286,-1,-1,-1
403,93,245.04,165.56,47.88,148.84,0.8471,-1,-1,-1
403,96,196.11,164.43,51.46,147.92,0.8565,-1,-1,-1
404,93,244.75,166.57,48.31,149.05,0.8152,-1,-1,-1
404,96,196.09,166.77,50.64,146.12,0.8520,-1,-1,-1
404,109,350.10,194.64,34.61,81.89,0.5321,-1,-1,-1
405,93,244.79,165.75,48.45,148.36,0.8255,-1,-1,-1
405,96,195.60,167.47,50.12,144.01,0.8551,-1,-1,-1
405,109,347.34,193.69,33.72,80.19,0.5735,-1,-1,-1
406,93,244.38,165.23,47.75,145.70,0.8270,-1,-1,-1
406,96,195.61,166.62,49.50,141.19,0.8376,-1,-1,-1
406,109,345.74,192.33,34.07,81.45,0.6692,-1,-1,-1
407,93,246.91,162.10,47.25,144.33,0.8035,-1,-1,-1
407,96,195.35,162.08,49.93,142.31,0.8292,-1,-1,-1
407,109,345.17,192.14,33.22,79.79,0.6988,-1,-1,-1
408,93,248.30,159.81,47.07,144.19,0.8270,-1,-1,-1
408,96,195.03,157.38,50.54,145.55,0.8224,-1,-1,-1
408,109,344.50,191.37,32.78,78.73,0.7891,-1,-1,-1
409,93,248.25,158.03,47.07,144.60,0.8137,-1,-1,-1
409,96,194.16,156.43,49.92,145.03,0.8380,-1,-1,-1
409,109,344.14,188.86,33.04,79.36,0.7918,-1,-1,-1
410,93,247.07,157.55,47.22,145.11,0.8264,-1,-1,-1
410,96,192.09,157.92,49.27,143.19,0.8356,-1,-1,-1
410,109,340.57,185.78,33.49,80.16,0.5613,-1,-1,-1
411,93,243.35,157.94,47.06,145.26,0.8172,-1,-1,-1
411,96,187.28,158.63,48.81,140.70,0.8485,-1,-1,-1
411,109,336.78,187.90,32.34,76.70,0.3803,-1,-1,-1
412,93,239.63,160.62,46.30,143.08,0.8009,-1,-1,-1
412,96,183.19,161.28,48.19,140.23,0.8242,-1,-1,-1
412,109,330.24,188.42,32.52,77.06,0.6979,-1,-1,-1
413,93,237.21,159.93,46.29,142.55,0.7735,-1,-1,-1
413,96,181.40,161.80,47.68,139.77,0.8220,-1,-1,-1
413,109,326.47,187.56,32.56,76.75,0.5349,-1,-1,-1
414,93,234.69,161.78,45.67,140.35,0.7848,-1,-1,-1
414,96,179.25,161.31,47.74,139.79,0.8273,-1,-1,-1
414,109,320.84,188.04,32.94,76.69,0.6138,-1,-1,-1
415,93,229.54,160.58,45.63,140.29,0.8078,-1,-1,-1
415,96,174.77,160.41,47.85,139.95,0.8282,-1,-1,-1
415,109,314.29,190.41,32.24,74.80,0.4624,-1,-1,-1
415,115,552.66,145.00,85.09,274.40,0.8507,-1,-1,-1
416,93,223.86,163.47,45.40,139.36,0.7812,-1,-1,-1
416,96,171.72,161.35,47.86,139.14,0.8229,-1,-1,-1
416,109,305.46,193.66,31.17,73.07,0.3410,-1,-1,-1
416,115,543.48,106.83,98.68,318.71,0.8902,-1,-1,-1
417,93,219.05,167.85,44.74,137.91,0.7351,-1,-1,-1
417,96,169.17,163.05,48.18,139.88,0.8352,-1,-1,-1
417,109,300.35,193.42,32.21,75.88,0.6706,-1,-1,-1
417,115,534.14,56.15,115.92,376.74,0.8590,-1,-1,-1
418,93,214.80,168.03,44.89,136.09,0.8222,-1,-1,-1
418,96,167.00,163.54,47.63,138.05,0.8473,-1,-1,-1
418,109,296.73,193.75,31.32,73.73,0.6019,-1,-1,-1
418,115,529.50,28.58,124.26,407.38,0.8707,-1,-1,-1
419,93,211.76,169.16,45.07,135.19,0.8021,-1,-1,-1
419,96,165.20,165.89,47.27,136.13,0.8385,-1,-1,-1
419,109,293.85,192.60,31.76,74.82,0.7494,-1,-1,-1
419,115,521.76,17.45,127.87,421.04,0.8962,-1,-1,-1
420,93,208.87,169.33,44.55,133.52,0.7918,-1,-1,-1
420,96,161.84,166.66,47.29,135.50,0.8040,-1,-1,-1
420,109,289.46,193.38,30.78,71.91,0.7500,-1,-1,-1
420,115,506.80,12.63,132.20,432.23,0.9185,-1,-1,-1
421,93,204.11,168.23,43.44,130.27,0.7574,-1,-1,-1
421,96,156.18,167.09,46.06,131.38,0.8402,-1,-1,-1
421,109,282.38,192.17,31.40,73.19,0.8138,-1,-1,-1
421,115,493.51,15.46,134.91,433.56,0.9189,-1,-1,-1
422,93,199.49,165.12,43.71,131.46,0.7857,-1,-1,-1
422,96,152.41,164.94,45.97,130.95,0.8325,-1,-1,-1
422,109,277.54,190.71,31.67,74.08,0.7364,-1,-1,-1
422,115,485.31,19.99,136.93,430.54,0.9191,-1,-1,-1
423,93,195.50,161.29,43.62,131.58,0.7961,-1,-1,-1
423,96,147.58,161.53,46.58,132.79,0.8229,-1,-1,-1
423,109,272.33,190.20,31.02,72.50,0.6319,-1,-1,-1
423,115,476.48,25.45,139.19,427.99,0.9169,-1,-1,-1
424,93,192.10,161.26,43.27,131.50,0.7994,-1,-1,-1
424,96,142.20,160.26,46.87,134.23,0.8041,-1,-1,-1
424,109,266.34,188.35,31.44,73.96,0.7524,-1,-1,-1
424,115,465.31,33.18,140.70,421.79,0.8874,-1,-1,-1
425,93,186.09,160.18,43.19,132.05,0.7889,-1,-1,-1
425,96,136.62,160.62,46.27,132.38,0.8080,-1,-1,-1
425,109,259.84,186.64,31.11,73.39,0.7063,-1,-1,-1
425,115,452.17,38.26,141.60,412.98,0.8982,-1,-1,-1
426,93,181.73,159.71,42.39,130.60,0.7942,-1,-1,-1
426,96,131.81,159.19,46.43,132.03,0.7797,-1,-1,-1
426,109,254.08,184.45,30.83,73.31,0.6914,-1,-1,-1
426,115,441.75,41.39,143.59,407.00,0.8713,-1,-1,-1
427,93,178.14,157.76,42.46,130.20,0.7679,-1,-1,-1
427,96,127.08,158.66,46.23,130.22,0.7878,-1,-1,-1
427,109,247.96,180.31,31.17,75.02,0.7291,-1,-1,-1
427,115,422.76,41.54,142.95,400.80,0.8805,-1,-1,-1
428,93,174.06,153.86,42.38,130.03,0.7951,-1,-1,-1
428,96,122.14,157.80,46.39,129.01,0.8163,-1,-1,-1
428,109,241.19,179.37,30.62,73.94,0.6687,-1,-1,-1
428,115,407.78,40.07,137.88,387.33,0.9018,-1,-1,-1
428,116,565.18,15.37,74.67,441.69,0.8489,-1,-1,-1
429,93,170.96,152.59,42.29,129.56,0.7994,-1,-1,-1
429,96,118.06,156.45,46.24,127.81,0.7954,-1,-1,-1
429,109,234.53,179.01,30.52,74.31,0.7572,-1,-1,-1
429,115,395.68,41.62,129.85,367.82,0.9054,-1,-1,-1
429,116,530.34,5.85,80.52,466.34,0.8366,-1,-1,-1
430,93,166.35,152.89,41.90,128.34,0.7855,-1,-1,-1
430,96,113.88,154.90,46.42,127.09,0.8178,-1,-1,-1
430,109,228.39,180.73,29.56,72.46,0.5696,-1,-1,-1
430,115,373.86,45.75,126.55,357.19,0.8954,-1,-1,-1
430,116,488.97,0.74,86.93,478.04,0.8965,-1,-1,-1
431,93,164.25,153.17,41.60,126.45,0.7832,-1,-1,-1
431,96,110.48,152.55,46.85,126.91,0.7934,-1,-1,-1
431,109,223.27,179.22,29.64,72.41,0.7435,-1,-1,-1
431,115,355.01,48.79,125.51,349.61,0.8956,-1,-1,-1
431,116,466.01,-0.91,93.91,482.22,0.8793,-1,-1,-1
432,93,161.24,155.08,40.66,123.40,0.6760,-1,-1,-1
432,96,109.00,151.83,46.91,125.83,0.8176,-1,-1,-1
432,109,219.76,175.59,30.69,75.31,0.7563,-1,-1,-1
432,115,341.93,51.77,118.09,326.05,0.8706,-1,-1,-1
432,116,467.21,-1.30,99.79,481.50,0.8881,-1,-1,-1
432,117,1.37,131.37,56.07,197.95,0.6872,-1,-1,-1
433,93,157.48,154.39,40.87,123.68,0.7053,-1,-1,-1
433,96,107.25,153.10,46.91,124.68,0.8293,-1,-1,-1
433,109,217.07,175.80,30.39,74.46,0.8186,-1,-1,-1
433,115,331.13,54.42,113.99,317.24,0.8565,-1,-1,-1
433,116,465.22,-1.28,106.70,482.18,0.8542,-1,-1,-1
433,117,-0.18,108.89,68.57,242.22,0.6652,-1,-1,-1
434,93,154.81,153.84,40.77,123.39,0.7952,-1,-1,-1
434,96,102.51,155.25,46.57,122.75,0.8361,-1,-1,-1
434,109,212.10,173.79,31.03,76.12,0.7606,-1,-1,-1
434,115,318.91,56.76,110.49,314.23,0.7950,-1,-1,-1
434,116,430.54,-0.90,111.25,482.24,0.7955,-1,-1,-1
434,117,-3.34,72.84,81.55,289.00,0.6242,-1,-1,-1
435,93,151.98,152.66,40.14,121.25,0.7762,-1,-1,-1
435,96,98.86,154.09,47.15,123.06,0.8350,-1,-1,-1
435,109,208.85,175.44,30.21,73.88,0.6597,-1,-1,-1
435,115,302.58,84.32,98.28,287.66,0.7107,-1,-1,-1
435,116,385.51,-0.91,114.83,481.71,0.8552,-1,-1,-1
435,117,-4.22,56.44,86.99,309.45,0.5675,-1,-1,-1
435,118,589.02,119.10,56.90,275.57,0.6175,-1,-1,-1
436,93,149.65,149.32,40.25,121.25,0.7938,-1,-1,-1
436,96,93.26,152.10,47.02,122.42,0.8044,-1,-1,-1
436,109,204.71,174.07,29.89,73.34,0.6914,-1,-1,-1
436,116,344.02,-0.52,119.91,481.56,0.8962,-1,-1,-1
436,118,582.33,108.07,59.51,288.29,0.7718,-1,-1,-1
437,93,148.44,149.60,40.19,120.37,0.7414,-1,-1,-1
437,96,89.15,150.13,46.84,121.98,0.8180,-1,-1,-1
437,109,201.94,172.30,30.26,74.85,0.7493,-1,-1,-1
437,116,304.25,-0.62,127.69,480.89,0.9259,-1,-1,-1
437,118,586.95,92.87,62.24,305.09,0.7321,-1,-1,-1
438,93,146.27,149.43,40.32,119.95,0.7582,-1,-1,-1
438,96,85.23,151.46,45.94,119.28,0.8289,-1,-1,-1
438,109,198.99,169.46,30.69,77.38,0.6452,-1,-1,-1
438,116,269.97,-0.60,139.34,481.23,0.9043,-1,-1,-1
438,118,568.98,73.38,67.44,327.03,0.8624,-1,-1,-1
438,117,-0.59,69.20,78.33,278.93,0.5819,-1,-1,-1
439,93,142.64,149.11,39.87,119.10,0.8132,-1,-1,-1
439,96,81.89,149.01,46.46,120.67,0.8399,-1,-1,-1
439,116,243.74,0.55,150.12,480.17,0.8629,-1,-1,-1
439,118,554.21,72.62,69.98,329.58,0.8993,-1,-1,-1
439,117,-3.45,74.05,80.62,289.95,0.3913,-1,-1,-1
440,96,81.06,146.61,40.28,102.51,0.4032,-1,-1,-1
440,116,183.62,-0.07,165.57,480.77,0.8433,-1,-1,-1
440,118,545.15,73.20,73.35,333.51,0.9119,-1,-1,-1
440,117,-8.93,60.97,90.14,330.87,0.6908,-1,-1,-1
440,119,375.92,135.85,49.53,179.15,0.7038,-1,-1,-1
441,116,88.81,0.23,175.65,479.68,0.8620,-1,-1,-1
441,118,542.98,75.78,76.00,334.76,0.8889,-1,-1,-1
441,119,372.24,137.50,49.45,178.61,0.7121,-1,-1,-1
441,120,276.58,64.46,121.13,311.22,0.7948,-1,-1,-1
442,116,39.60,0.56,181.66,478.93,0.7042,-1,-1,-1
442,118,542.64,76.42,75.65,326.12,0.8631,-1,-1,-1
442,119,368.17,137.46,49.38,178.23,0.7609,-1,-1,-1
442,120,263.20,66.12,126.48,325.12,0.8811,-1,-1,-1
443,116,9.00,1.45,183.02,476.48,0.7459,-1,-1,-1
443,118,535.81,74.67,75.55,317.15,0.7488,-1,-1,-1
443,119,364.55,134.21,49.25,178.09,0.7380,-1,-1,-1
443,120,253.78,63.74,129.08,332.33,0.8875,-1,-1,-1
444,118,519.91,77.72,76.39,308.31,0.6016,-1,-1,-1
444,119,359.09,135.07,49.57,179.53,0.7316,-1,-1,-1
444,120,247.56,64.52,126.61,326.41,0.8924,-1,-1,-1
444,109,187.32,177.48,28.25,70.55,0.7553,-1,-1,-1
444,93,142.88,154.29,39.24,118.46,0.7470,-1,-1,-1
445,118,526.61,79.55,78.42,316.07,0.5216,-1,-1,-1
445,119,357.49,137.58,49.57,179.36,0.7980,-1,-1,-1
445,120,244.72,63.15,124.13,320.87,0.8937,-1,-1,-1
445,122,573.76,86.31,75.58,270.72,0.6836,-1,-1,-1
445,109,188.43,178.69,28.49,70.71,0.7032,-1,-1,-1
445,93,143.31,156.46,38.79,116.53,0.7744,-1,-1,-1
446,118,507.04,80.79,85.06,316.69,0.8933,-1,-1,-1
446,119,351.33,139.13,50.12,178.43,0.7750,-1,-1,-1
446,120,240.10,61.14,123.05,319.93,0.8979,-1,-1,-1
446,122,571.20,77.57,80.22,289.08,0.8483,-1,-1,-1
446,109,190.94,178.13,28.77,71.31,0.6198,-1,-1,-1
446,93,146.41,157.40,38.61,114.92,0.7492,-1,-1,-1
446,123,100.23,153.79,33.84,118.73,0.8077,-1,-1,-1
446,117,8.26,7.67,82.02,292.00,0.7677,-1,-1,-1
447,118,501.96,83.65,91.36,317.26,0.8475,-1,-1,-1
447,119,348.03,142.25,51.24,178.98,0.7891,-1,-1,-1
447,120,233.17,61.15,124.30,325.33,0.8948,-1,-1,-1
447,122,568.15,79.25,80.73,292.60,0.8191,-1,-1,-1
447,109,192.85,180.46,28.67,70.45,0.5499,-1,-1,-1
447,93,148.11,159.69,38.81,114.09,0.7081,-1,-1,-1
447,123,103.04,155.17,34.19,119.01,0.7882,-1,-1,-1
447,117,7.57,1.28,87.95,307.16,0.7399,-1,-1,-1
448,118,492.47,83.30,93.93,314.93,0.8569,-1,-1,-1
448,119,347.00,141.70,52.28,180.20,0.7880,-1,-1,-1
448,120,228.05,60.70,124.73,329.59,0.8920,-1,-1,-1
448,122,566.67,81.42,80.84,295.07,0.8027,-1,-1,-1
448,109,193.64,181.08,28.75,69.29,0.5858,-1,-1,-1
448,93,148.61,158.28,39.04,113.83,0.7693,-1,-1,-1
448,123,105.14,153.01,34.29,117.94,0.8174,-1,-1,-1
448,117,-5.42,-1.15,117.63,421.04,0.8845,-1,-1,-1
449,118,487.63,83.52,92.58,308.73,0.8424,-1,-1,-1
449,119,346.87,142.22,52.76,179.43,0.7879,-1,-1,-1
449,120,227.85,64.08,123.60,330.93,0.8941,-1,-1,-1
449,122,557.19,85.85,81.78,297.18,0.5435,-1,-1,-1
449,109,196.63,182.32,29.17,69.36,0.6076,-1,-1,-1
449,93,149.52,158.36,38.64,113.03,0.7934,-1,-1,-1
449,123,109.29,156.40,33.74,114.34,0.8283,-1,-1,-1
449,117,-7.42,-2.29,125.99,458.71,0.8933,-1,-1,-1
450,118,494.90,82.17,94.25,312.97,0.8298,-1,-1,-1
450,119,353.23,140.27,52.66,177.87,0.8353,-1,-1,-1
450,120,230.46,65.89,121.52,329.37,0.8901,-1,-1,-1
450,122,555.07,86.73,78.29,281.17,0.5575,-1,-1,-1
450,109,203.12,182.63,29.64,69.85,0.6943,-1,-1,-1
450,93,156.16,158.31,38.37,112.58,0.8060,-1,-1,-1
450,123,117.64,158.44,34.03,113.57,0.7856,-1,-1,-1
450,117,-5.32,-2.28,129.78,475.99,0.8710,-1,-1,-1
451,118,494.24,83.74,96.76,316.50,0.8499,-1,-1,-1
451,119,358.52,139.84,53.21,178.28,0.8256,-1,-1,-1
451,120,229.78,65.78,121.45,330.24,0.8778,-1,-1,-1
451,122,556.33,88.36,78.30,279.66,0.6900,-1,-1,-1
451,109,207.64,183.41,29.62,69.50,0.5818,-1,-1,-1
451,93,162.97,159.99,38.22,111.81,0.7898,-1,-1,-1
451,123,124.43,159.97,34.33,112.94,0.8024,-1,-1,-1
451,117,-1.77,0.46,131.04,480.19,0.9075,-1,-1,-1
452,118,491.83,85.92,101.02,319.86,0.8439,-1,-1,-1
452,119,360.68,139.12,54.39,180.25,0.7613,-1,-1,-1
452,120,226.36,63.08,120.59,326.57,0.8976,-1,-1,-1
452,122,566.22,86.68,76.37,276.53,0.6923,-1,-1,-1
452,93,170.68,160.63,38.11,112.07,0.8049,-1,-1,-1
452,123,133.28,159.49,34.64,112.42,0.8057,-1,-1,-1
452,117,1.66,2.24,131.89,480.08,0.9111,-1,-1,-1
453,118,495.25,84.43,105.11,324.41,0.8522,-1,-1,-1
453,119,365.77,138.48,55.99,180.79,0.7732,-1,-1,-1
453,120,230.07,57.07,121.21,327.46,0.8821,-1,-1,-1
453,122,569.14,80.58,78.96,291.86,0.7390,-1,-1,-1
453,93,178.50,160.44,37.47,111.11,0.7900,-1,-1,-1
453,123,141.18,157.84,34.88,111.76,0.8193,-1,-1,-1
453,117,5.93,1.32,133.98,480.57,0.9064,-1,-1,-1
454,118,502.14,84.35,107.42,328.99,0.8654,-1,-1,-1
454,119,374.08,142.26,57.47,181.39,0.8145,-1,-1,-1
454,120,237.56,58.28,122.74,330.86,0.9030,-1,-1,-1
454,122,572.94,81.18,78.88,299.90,0.7580,-1,-1,-1
454,93,187.90,162.79,37.35,111.51,0.8000,-1,-1,-1
454,123,150.52,158.96,35.47,113.23,0.7884,-1,-1,-1
454,117,10.03,2.19,136.41,479.21,0.9141,-1,-1,-1
455,118,503.68,79.47,105.21,322.25,0.8730,-1,-1,-1
455,119,380.56,140.77,59.00,183.04,0.8281,-1,-1,-1
455,120,246.78,58.23,124.69,337.76,0.8962,-1,-1,-1
455,122,568.11,80.82,79.88,307.35,0.7521,-1,-1,-1
455,93,196.38,162.29,37.31,110.74,0.7637,-1,-1,-1
455,123,159.97,159.71,34.97,110.95,0.8077,-1,-1,-1
455,117,13.68,-0.12,140.57,481.65,0.8871,-1,-1,-1
456,118,503.17,79.23,104.74,321.23,0.8724,-1,-1,-1
456,119,384.06,140.47,60.50,185.58,0.7731,-1,-1,-1
456,120,253.01,60.64,125.41,341.72,0.8838,-1,-1,-1
456,122,573.87,82.72,74.51,292.90,0.7748,-1,-1,-1
456,93,203.77,161.95,37.43,110.92,0.7777,-1,-1,-1
456,123,167.92,161.64,34.04,108.28,0.6908,-1,-1,-1
456,117,16.68,-0.05,144.16,479.92,0.8859,-1,-1,-1
457,118,495.05,83.25,108.57,325.88,0.8824,-1,-1,-1
457,119,389.09,140.93,60.55,184.84,0.7405,-1,-1,-1
457,120,260.07,63.89,127.02,348.13,0.8821,-1,-1,-1
457,122,582.31,85.92,71.22,291.77,0.7489,-1,-1,-1
457,93,211.74,163.19,37.30,110.72,0.7627,-1,-1,-1
457,123,177.76,165.25,33.55,106.48,0.7366,-1,-1,-1
457,117,21.94,3.32,147.52,474.21,0.8834,-1,-1,-1
458,118,492.20,84.07,113.55,329.99,0.8930,-1,-1,-1
458,119,392.65,138.63,60.56,185.13,0.8172,-1,-1,-1
458,120,266.97,62.98,127.12,350.31,0.8836,-1,-1,-1
458,122,587.19,81.67,69.57,299.13,0.7272,-1,-1,-1
458,93,220.73,162.28,36.82,110.29,0.7653,-1,-1,-1
458,123,186.80,164.50,32.92,104.86,0.5360,-1,-1,-1
458,117,30.98,2.72,151.79,474.62,0.8728,-1,-1,-1
459,118,499.02,87.82,118.49,334.51,0.8957,-1,-1,-1
459,119,398.98,142.06,61.11,187.26,0.7878,-1,-1,-1
459,120,271.18,65.79,128.62,355.74,0.8803,-1,-1,-1
459,122,589.37,83.91,65.55,293.23,0.6145,-1,-1,-1
459,93,228.97,166.74,36.12,109.67,0.7595,-1,-1,-1
459,117,47.49,3.39,155.64,475.82,0.8385,-1,-1,-1
460,118,502.55,87.66,122.60,340.00,0.8785,-1,-1,-1
460,119,401.26,143.38,61.61,188.94,0.7968,-1,-1,-1
460,120,273.63,65.20,129.25,357.09,0.8956,-1,-1,-1
460,122,590.75,80.69,64.47,301.62,0.6392,-1,-1,-1
460,93,233.12,167.54,35.65,109.52,0.7274,-1,-1,-1
460,117,53.76,2.14,160.33,479.21,0.8569,-1,-1,-1
461,118,505.40,83.25,117.39,329.45,0.8676,-1,-1,-1
461,119,403.92,142.98,61.95,191.31,0.8032,-1,-1,-1
461,120,278.22,59.25,127.41,350.65,0.9053,-1,-1,-1
461,122,590.08,79.51,62.84,304.76,0.6704,-1,-1,-1
461,93,238.89,166.36,35.31,109.81,0.7182,-1,-1,-1
461,117,61.72,0.27,164.04,481.61,0.8821,-1,-1,-1
462,118,507.04,81.58,116.28,330.61,0.8476,-1,-1,-1
462,119,405.00,143.77,62.42,192.79,0.8332,-1,-1,-1
462,120,280.36,57.15,126.37,347.73,0.8935,-1,-1,-1
462,122,586.57,80.62,61.00,300.40,0.7029,-1,-1,-1
462,93,242.74,165.97,35.80,111.07,0.7215,-1,-1,-1
462,117,65.62,-0.39,165.90,479.27,0.8681,-1,-1,-1
463,118,506.58,86.61,118.24,334.72,0.8842,-1,-1,-1
463,119,405.76,145.89,62.31,195.45,0.8210,-1,-1,-1
463,120,279.29,58.87,126.88,351.10,0.8943,-1,-1,-1
463,122,584.10,85.94,59.92,297.39,0.6669,-1,-1,-1
463,93,244.03,166.16,35.86,111.84,0.7092,-1,-1,-1
463,117,67.15,1.57,168.69,479.18,0.8517,-1,-1,-1
464,118,498.06,88.53,121.69,337.81,0.8727,-1,-1,-1
464,119,405.84,145.80,61.32,194.32,0.7830,-1,-1,-1
464,120,277.12,58.32,127.15,356.42,0.8841,-1,-1,-1
464,122,585.09,87.99,59.00,297.27,0.7478,-1,-1,-1
464,93,243.98,168.39,34.96,109.51,0.7382,-1,-1,-1
464,117,64.80,0.20,171.93,481.13,0.8768,-1,-1,-1
465,118,490.32,89.97,123.91,337.91,0.8835,-1,-1,-1
465,119,406.43,143.38,60.12,191.87,0.7478,-1,-1,-1
465,120,275.11,56.66,126.60,361.24,0.8802,-1,-1,-1
465,122,585.84,86.69,59.31,305.01,0.7926,-1,-1,-1
465,117,61.83,-0.28,174.47,481.72,0.8874,-1,-1,-1
465,123,240.79,169.64,33.32,105.40,0.7135,-1,-1,-1
466,118,485.09,89.92,125.06,339.73,0.8833,-1,-1,-1
466,119,405.93,142.02,59.69,191.72,0.7612,-1,-1,-1
466,120,272.27,57.13,125.01,362.69,0.8848,-1,-1,-1
466,122,588.02,85.34,58.57,309.29,0.8247,-1,-1,-1
466,117,59.52,-0.42,176.61,481.79,0.8539,-1,-1,-1
466,123,243.72,166.52,34.65,110.01,0.6954,-1,-1,-1
467,118,479.13,87.41,120.98,332.00,0.8819,-1,-1,-1
467,119,402.81,141.79,60.73,192.72,0.7694,-1,-1,-1
467,120,268.00,58.39,124.43,364.67,0.8932,-1,-1,-1
467,122,585.57,83.87,58.92,314.73,0.8733,-1,-1,-1
467,117,58.26,-0.44,178.79,481.69,0.8861,-1,-1,-1
467,123,246.16,167.78,34.56,109.19,0.6915,-1,-1,-1
468,118,468.42,83.20,117.33,324.97,0.8662,-1,-1,-1
468,119,403.53,141.69,60.84,192.47,0.7424,-1,-1,-1
468,120,263.85,54.04,125.24,370.32,0.8778,-1,-1,-1
468,122,578.15,82.41,60.65,319.06,0.8729,-1,-1,-1
468,117,55.24,-0.02,180.71,481.14,0.8912,-1,-1,-1
468,123,243.26,167.89,34.22,107.20,0.5254,-1,-1,-1
469,118,451.13,82.08,119.09,327.44,0.8494,-1,-1,-1
469,119,402.31,140.39,60.98,192.97,0.7109,-1,-1,-1
469,120,258.99,46.95,124.06,365.56,0.8723,-1,-1,-1
469,122,570.30,83.39,62.85,319.69,0.8594,-1,-1,-1
469,117,53.77,-0.10,181.32,475.77,0.8561,-1,-1,-1
470,118,439.24,84.60,121.27,329.95,0.8919,-1,-1,-1
470,119,402.52,140.00,60.17,189.40,0.7672,-1,-1,-1
470,120,257.82,43.25,124.94,364.98,0.8750,-1,-1,-1
470,122,565.35,82.90,63.38,307.49,0.8733,-1,-1,-1
470,117,53.71,-0.23,185.23,479.11,0.8562,-1,-1,-1
471,118,438.11,86.65,122.33,330.05,0.8881,-1,-1,-1
471,119,402.63,137.93,60.81,190.91,0.5920,-1,-1,-1
471,120,260.13,40.82,126.54,365.61,0.8792,-1,-1,-1
471,122,561.91,79.80,65.94,307.44,0.7523,-1,-1,-1
471,117,56.85,-0.21,188.13,480.25,0.8749,-1,-1,-1
472,118,438.14,84.31,123.14,331.84,0.8809,-1,-1,-1
472,119,402.36,134.44,61.87,193.09,0.6258,-1,-1,-1
472,120,261.94,36.88,128.97,369.72,0.8852,-1,-1,-1
472,122,563.08,75.49,68.86,316.07,0.8591,-1,-1,-1
472,117,61.25,-0.06,190.48,480.50,0.8802,-1,-1,-1
473,118,437.53,79.64,120.59,327.50,0.8927,-1,-1,-1
473,119,402.53,131.19,62.06,194.50,0.6296,-1,-1,-1
473,120,261.73,34.01,132.03,380.44,0.8721,-1,-1,-1
473,122,567.78,72.40,69.83,321.80,0.8809,-1,-1,-1
473,117,67.86,0.18,192.04,477.34,0.8506,-1,-1,-1
474,118,438.98,76.81,117.67,323.21,0.8470,-1,-1,-1
474,119,403.64,130.96,61.77,195.67,0.7490,-1,-1,-1
474,120,265.35,33.42,132.49,385.71,0.8807,-1,-1,-1
474,122,559.01,71.46,72.45,322.03,0.8477,-1,-1,-1
474,117,75.46,0.32,195.24,479.07,0.8411,-1,-1,-1
475,118,443.48,74.69,118.31,327.82,0.8482,-1,-1,-1
475,119,408.10,130.14,61.66,197.62,0.3909,-1,-1,-1
475,120,269.83,34.97,132.18,388.81,0.8838,-1,-1,-1
475,122,549.70,72.62,73.48,305.74,0.9071,-1,-1,-1
475,117,82.18,0.25,196.69,476.79,0.8606,-1,-1,-1
476,118,448.03,76.93,118.89,330.20,0.8854,-1,-1,-1
476,120,274.85,38.24,131.42,390.12,0.8852,-1,-1,-1
476,122,546.85,73.27,76.22,302.33,0.9005,-1,-1,-1
476,117,85.76,0.20,198.63,476.40,0.8772,-1,-1,-1
477,118,447.92,80.23,119.98,333.19,0.7883,-1,-1,-1
477,120,276.81,38.75,131.33,392.46,0.8945,-1,-1,-1
477,122,545.80,72.21,79.77,305.85,0.9026,-1,-1,-1
477,117,89.55,0.50,197.57,468.04,0.7765,-1,-1,-1
478,118,444.70,79.41,121.34,337.91,0.8136,-1,-1,-1
478,120,278.04,35.80,130.13,391.30,0.8981,-1,-1,-1
478,122,545.94,71.77,82.71,309.60,0.8894,-1,-1,-1
478,117,86.74,0.30,199.70,466.78,0.7867,-1,-1,-1
479,118,441.95,83.71,119.26,333.33,0.8517,-1,-1,-1
479,120,278.27,37.40,125.96,379.14,0.8945,-1,-1,-1
479,122,546.35,73.47,86.25,319.08,0.9091,-1,-1,-1
479,117,83.55,0.15,205.55,475.28,0.8127,-1,-1,-1
480,118,440.99,85.59,116.11,324.24,0.8708,-1,-1,-1
480,120,275.06,38.40,126.64,382.55,0.8866,-1,-1,-1
480,122,547.62,75.09,88.07,326.16,0.8300,-1,-1,-1
480,117,82.06,-0.01,207.81,476.89,0.8428,-1,-1,-1
481,118,434.04,83.74,114.00,320.00,0.8625,-1,-1,-1
481,120,269.96,35.03,127.21,387.96,0.8836,-1,-1,-1
481,122,541.36,73.79,90.60,332.73,0.8480,-1,-1,-1
481,117,78.18,0.23,209.16,475.12,0.8036,-1,-1,-1
482,118,419.72,83.66,114.67,321.61,0.8689,-1,-1,-1
482,120,261.91,34.29,127.16,393.17,0.8883,-1,-1,-1
482,122,531.17,75.35,94.43,337.33,0.8402,-1,-1,-1
482,117,72.25,0.70,209.36,469.12,0.7511,-1,-1,-1
483,118,404.99,89.32,116.38,324.95,0.8719,-1,-1,-1
483,120,254.50,39.51,125.50,394.79,0.8769,-1,-1,-1
483,122,522.45,81.41,96.23,336.20,0.8815,-1,-1,-1
483,117,64.65,2.15,213.32,471.76,0.7811,-1,-1,-1
484,118,391.86,92.66,118.55,328.31,0.8438,-1,-1,-1
484,120,247.76,45.25,122.86,393.00,0.8590,-1,-1,-1
484,122,517.74,84.31,97.51,336.05,0.8762,-1,-1,-1
484,117,55.68,5.73,216.47,472.24,0.6537,-1,-1,-1
485,118,390.25,92.30,119.15,331.27,0.8089,-1,-1,-1
485,120,242.00,47.96,121.53,395.75,0.8413,-1,-1,-1
485,122,511.96,85.10,95.42,328.79,0.8384,-1,-1,-1
485,117,48.40,2.86,221.30,476.64,0.7355,-1,-1,-1
486,118,389.60,90.51,115.60,325.91,0.8709,-1,-1,-1
486,120,238.12,43.93,118.90,392.53,0.8828,-1,-1,-1
486,122,503.47,84.20,92.90,322.28,0.8733,-1,-1,-1
486,117,42.27,1.10,225.26,478.96,0.7839,-1,-1,-1
487,118,385.96,90.47,113.19,323.53,0.8712,-1,-1,-1
487,120,234.76,40.54,117.04,391.28,0.8847,-1,-1,-1
487,122,492.00,85.54,93.62,325.69,0.8850,-1,-1,-1
487,117,38.52,0.76,228.59,479.48,0.8442,-1,-1,-1
488,118,383.95,92.56,112.71,325.50,0.8520,-1,-1,-1
488,120,235.12,38.62,113.95,386.09,0.8605,-1,-1,-1
488,122,475.65,87.81,97.40,330.60,0.8519,-1,-1,-1
488,117,39.52,0.93,231.43,479.36,0.8164,-1,-1,-1
489,118,383.36,94.48,112.87,329.25,0.7843,-1,-1,-1
489,120,235.08,36.72,110.22,379.93,0.8672,-1,-1,-1
489,122,467.51,88.41,101.72,334.12,0.8952,-1,-1,-1
489,117,34.72,0.66,234.98,479.62,0.6871,-1,-1,-1
490,118,380.18,96.49,112.45,329.42,0.8306,-1,-1,-1
490,120,237.88,36.70,101.10,355.58,0.6458,-1,-1,-1
490,122,467.15,90.81,104.46,332.82,0.8814,-1,-1,-1
490,117,25.76,0.83,238.93,479.43,0.6197,-1,-1,-1
491,118,375.56,98.17,113.73,333.65,0.8504,-1,-1,-1
491,120,241.43,39.92,92.68,331.81,0.8144,-1,-1,-1
491,122,465.60,93.56,104.17,326.89,0.8676,-1,-1,-1
491,117,21.06,0.48,242.62,478.28,0.8248,-1,-1,-1
492,118,373.53,96.52,111.85,329.76,0.8687,-1,-1,-1
492,120,244.48,40.29,84.51,305.12,0.8187,-1,-1,-1
492,122,464.01,91.40,102.07,320.80,0.8140,-1,-1,-1
492,117,16.65,0.26,245.50,477.37,0.7391,-1,-1,-1
493,118,372.08,94.49,108.69,322.82,0.8681,-1,-1,-1
493,120,245.04,41.23,80.13,288.53,0.8093,-1,-1,-1
493,122,465.53,89.73,103.14,325.18,0.8350,-1,-1,-1
493,117,14.34,0.45,248.36,477.03,0.7244,-1,-1,-1
494,118,369.58,95.12,107.96,322.92,0.8321,-1,-1,-1
494,120,240.02,41.72,88.75,321.33,0.8514,-1,-1,-1
494,122,462.95,90.72,103.68,330.22,0.7724,-1,-1,-1
494,117,13.39,0.28,251.93,478.36,0.7532,-1,-1,-1
495,118,364.88,92.69,109.76,327.82,0.8764,-1,-1,-1
495,120,234.49,33.69,95.21,343.40,0.8552,-1,-1,-1
495,122,458.90,89.83,104.49,335.49,0.8356,-1,-1,-1
495,117,10.08,0.24,254.16,478.77,0.3710,-1,-1,-1
496,118,363.59,93.37,111.05,332.11,0.8892,-1,-1,-1
496,120,233.11,29.89,98.21,351.48,0.8535,-1,-1,-1
496,122,458.85,90.56,104.46,337.66,0.8447,-1,-1,-1
496,117,8.61,0.13,256.54,479.60,0.4373,-1,-1,-1
497,118,364.93,93.87,111.65,336.81,0.8469,-1,-1,-1
497,120,233.06,27.93,98.91,350.39,0.8473,-1,-1,-1
497,122,461.38,90.22,105.19,340.47,0.8033,-1,-1,-1
497,117,7.68,0.24,257.74,478.55,0.4711,-1,-1,-1
497,124,344.79,137.34,56.21,207.04,0.6548,-1,-1,-1
498,118,368.77,94.03,110.13,337.94,0.8278,-1,-1,-1
498,120,231.11,26.53,100.23,353.93,0.8122,-1,-1,-1
498,122,462.48,89.63,103.43,337.93,0.7976,-1,-1,-1
498,117,6.98,0.23,259.83,479.39,0.6798,-1,-1,-1
498,124,342.40,139.10,55.50,203.88,0.6500,-1,-1,-1
499,118,371.64,90.57,107.79,334.91,0.8408,-1,-1,-1
499,120,233.20,24.88,94.26,330.16,0.8391,-1,-1,-1
499,122,466.75,85.88,100.74,330.03,0.7744,-1,-1,-1
499,117,7.73,0.06,262.03,479.88,0.6286,-1,-1,-1
499,124,343.12,141.26,54.55,199.66,0.5445,-1,-1,-1
500,118,376.58,89.83,105.08,327.62,0.8534,-1,-1,-1
500,120,233.69,27.32,92.23,323.73,0.8270,-1,-1,-1
500,122,465.49,84.70,99.21,329.67,0.7345,-1,-1,-1
500,117,8.33,0.12,263.24,478.35,0.5895,-1,-1,-1
500,124,343.29,137.88,56.16,205.63,0.6925,-1,-1,-1
501,118,381.97,89.08,105.35,328.78,0.7831,-1,-1,-1
501,120,236.11,28.86,90.66,321.37,0.7993,-1,-1,-1
501,122,462.81,83.08,100.85,334.60,0.7663,-1,-1,-1
501,117,11.14,0.10,264.72,475.90,0.7232,-1,-1,-1
501,124,347.30,136.78,56.75,208.85,0.6528,-1,-1,-1
502,118,386.93,89.12,107.46,335.03,0.7962,-1,-1,-1
502,120,237.95,29.21,88.56,318.38,0.6735,-1,-1,-1
502,122,466.57,84.01,105.83,341.76,0.6835,-1,-1,-1
502,117,15.13,0.06,268.74,478.51,0.7815,-1,-1,-1
502,124,351.25,135.16,58.53,213.94,0.6760,-1,-1,-1
503,118,390.98,88.12,108.80,338.58,0.8464,-1,-1,-1
503,122,472.70,82.57,108.07,342.00,0.8678,-1,-1,-1
503,117,22.96,0.60,272.00,478.91,0.5543,-1,-1,-1
504,118,392.64,85.94,109.10,339.33,0.8560,-1,-1,-1
504,122,478.06,79.06,109.76,343.68,0.8774,-1,-1,-1
504,117,20.47,0.55,276.31,479.33,0.6561,-1,-1,-1
505,118,392.38,85.38,107.54,336.55,0.8393,-1,-1,-1
505,122,482.90,77.87,108.65,338.22,0.8635,-1,-1,-1
505,117,27.66,1.20,280.26,478.83,0.5061,-1,-1,-1
505,124,345.52,130.27,62.00,223.06,0.5845,-1,-1,-1
506,118,389.81,82.12,103.71,325.80,0.8595,-1,-1,-1
506,122,486.67,74.97,107.74,333.87,0.8743,-1,-1,-1
506,117,32.40,1.49,281.91,474.72,0.5653,-1,-1,-1
506,124,348.75,128.88,60.54,219.55,0.6641,-1,-1,-1
507,118,387.03,82.66,102.29,322.52,0.8243,-1,-1,-1
507,122,486.88,75.88,109.14,337.17,0.8488,-1,-1,-1
507,117,43.66,0.81,284.67,476.87,0.6286,-1,-1,-1
507,124,343.49,130.16,60.68,218.08,0.6451,-1,-1,-1
508,118,382.20,82.54,104.09,326.33,0.8268,-1,-1,-1
508,122,487.14,76.90,110.10,339.84,0.8543,-1,-1,-1
508,117,58.12,0.50,283.05,474.08,0.6250,-1,-1,-1
508,124,343.53,128.70,60.10,214.83,0.7141,-1,-1,-1
509,118,375.96,80.64,106.70,329.66,0.8553,-1,-1,-1
509,122,485.71,75.84,110.46,342.90,0.8492,-1,-1,-1
509,117,68.70,0.74,281.52,472.48,0.6205,-1,-1,-1
509,124,344.73,124.86,59.84,213.65,0.6588,-1,-1,-1
509,125,-0.08,95.24,87.64,219.63,0.5992,-1,-1,-1
510,118,374.01,83.16,108.98,334.49,0.8441,-1,-1,-1
510,122,488.73,78.86,109.88,341.38,0.8117,-1,-1,-1
510,117,81.44,0.43,281.48,474.31,0.3890,-1,-1,-1
510,124,348.51,126.80,58.83,211.53,0.5704,-1,-1,-1
510,125,1.53,81.93,99.28,248.67,0.7466,-1,-1,-1
511,118,377.87,83.48,108.86,336.47,0.8348,-1,-1,-1
511,122,490.29,78.20,109.26,342.73,0.7718,-1,-1,-1
511,117,79.33,1.05,274.96,475.63,0.3711,-1,-1,-1
511,124,356.36,126.67,58.06,213.43,0.3317,-1,-1,-1
511,125,7.38,66.48,111.34,277.98,0.6792,-1,-1,-1
512,118,382.48,85.12,108.36,337.70,0.8622,-1,-1,-1
512,122,495.78,80.38,105.64,334.61,0.7594,-1,-1,-1
512,117,109.38,1.29,275.42,477.21,0.5870,-1,-1,-1
512,125,22.71,63.75,116.76,290.79,0.7095,-1,-1,-1
513,118,393.85,89.06,103.47,326.55,0.8337,-1,-1,-1
513,122,498.64,82.73,103.39,332.44,0.8385,-1,-1,-1
513,117,142.03,1.30,273.05,473.10,0.6844,-1,-1,-1
513,125,47.14,66.68,127.17,320.13,0.8416,-1,-1,-1
514,118,402.63,88.36,99.08,319.02,0.8662,-1,-1,-1
514,122,499.11,80.96,103.04,334.34,0.8378,-1,-1,-1
514,117,157.75,1.16,272.41,471.36,0.5517,-1,-1,-1
514,125,63.13,66.07,130.36,333.08,0.8856,-1,-1,-1
514,126,4.29,115.98,81.67,237.90,0.8450,-1,-1,-1
515,118,423.49,92.20,72.84,232.12,0.8157,-1,-1,-1
515,122,492.60,84.23,105.08,337.63,0.8417,-1,-1,-1
515,117,180.16,0.76,272.54,471.99,0.7153,-1,-1,-1
515,125,80.36,70.34,130.57,336.58,0.8878,-1,-1,-1
515,126,-4.65,109.60,86.03,251.56,0.8529,-1,-1,-1
516,122,493.29,87.41,108.84,342.07,0.8219,-1,-1,-1
516,117,208.00,0.48,272.95,474.21,0.7072,-1,-1,-1
516,125,90.42,74.69,130.33,337.59,0.8785,-1,-1,-1
516,126,-13.37,104.12,90.36,266.77,0.8548,-1,-1,-1
517,122,501.74,89.07,110.87,342.93,0.8859,-1,-1,-1
517,117,236.75,0.61,271.91,471.93,0.7442,-1,-1,-1
517,125,94.49,81.59,127.48,332.59,0.8725,-1,-1,-1
517,126,-17.66,99.40,89.63,268.67,0.8607,-1,-1,-1
518,122,510.52,93.02,109.99,340.39,0.8425,-1,-1,-1
518,117,259.78,0.86,273.84,474.12,0.7534,-1,-1,-1
518,125,96.79,84.51,125.52,329.12,0.8743,-1,-1,-1
518,126,-22.90,93.78,89.68,275.42,0.7934,-1,-1,-1
518,120,191.64,29.10,103.41,362.97,0.8533,-1,-1,-1
519,117,282.66,0.77,277.43,476.52,0.7190,-1,-1,-1
519,125,104.46,81.63,119.48,316.96,0.8668,-1,-1,-1
519,120,185.27,27.01,112.06,389.07,0.8749,-1,-1,-1
520,117,301.89,0.61,280.67,477.49,0.8223,-1,-1,-1
520,125,113.57,77.59,116.42,315.62,0.8340,-1,-1,-1
520,120,183.84,23.19,123.94,425.77,0.8774,-1,-1,-1
521,117,333.39,0.58,282.86,475.53,0.8640,-1,-1,-1
521,125,114.28,79.87,114.89,313.03,0.8424,-1,-1,-1
521,120,186.63,19.03,130.84,437.72,0.8792,-1,-1,-1
522,117,352.19,0.62,282.76,473.90,0.7792,-1,-1,-1
522,125,114.15,84.96,114.76,313.79,0.8236,-1,-1,-1
522,120,192.10,18.50,135.46,443.62,0.8876,-1,-1,-1
523,117,363.12,0.70,283.09,475.44,0.8149,-1,-1,-1
523,125,112.13,88.58,114.34,313.25,0.7713,-1,-1,-1
523,120,194.82,16.66,139.21,451.13,0.8998,-1,-1,-1
524,117,371.60,0.92,281.57,475.80,0.8006,-1,-1,-1
524,125,111.39,85.24,113.59,310.79,0.8325,-1,-1,-1
524,120,195.49,13.08,142.86,460.77,0.8948,-1,-1,-1
525,117,380.38,0.43,279.78,478.49,0.8934,-1,-1,-1
525,125,116.24,84.19,110.79,302.33,0.8325,-1,-1,-1
525,120,201.62,14.84,144.69,465.31,0.8895,-1,-1,-1
526,117,389.32,0.65,275.81,479.10,0.8942,-1,-1,-1
526,125,129.53,79.87,106.45,292.66,0.8529,-1,-1,-1
526,120,208.72,15.28,146.17,467.10,0.8738,-1,-1,-1
527,117,397.35,0.22,271.22,479.83,0.8698,-1,-1,-1
527,125,136.99,76.36,105.09,293.78,0.8489,-1,-1,-1
527,120,209.76,13.64,148.46,469.36,0.8661,-1,-1,-1
528,117,409.03,0.06,264.86,480.09,0.9061,-1,-1,-1
528,125,147.82,84.72,102.52,293.89,0.8614,-1,-1,-1
528,120,211.14,18.99,149.67,463.88,0.8605,-1,-1,-1
528,124,385.96,97.81,82.85,315.97,0.6934,-1,-1,-1
529,117,419.66,0.32,256.69,477.72,0.8936,-1,-1,-1
529,125,153.36,93.71,99.58,291.08,0.8438,-1,-1,-1
529,120,213.63,24.08,150.34,457.82,0.8829,-1,-1,-1
529,128,127.10,163.71,46.17,145.22,0.7924,-1,-1,-1
529,124,385.55,102.33,84.31,318.05,0.8117,-1,-1,-1
530,117,432.05,0.34,248.71,478.06,0.9025,-1,-1,-1
530,125,155.92,99.40,97.50,287.75,0.8630,-1,-1,-1
530,120,220.23,26.29,149.02,446.34,0.8749,-1,-1,-1
530,128,120.97,161.41,47.86,150.57,0.7848,-1,-1,-1
530,124,387.83,106.71,86.22,319.86,0.7385,-1,-1,-1
531,117,440.89,0.27,241.00,478.78,0.8965,-1,-1,-1
531,125,156.32,102.64,97.02,287.57,0.8511,-1,-1,-1
531,120,223.71,27.78,151.05,448.75,0.8791,-1,-1,-1
531,128,114.90,159.84,49.91,156.59,0.8114,-1,-1,-1
531,124,389.36,109.97,88.66,323.75,0.8240,-1,-1,-1
532,117,449.81,0.77,232.55,478.33,0.8852,-1,-1,-1
532,125,161.73,101.99,93.45,279.24,0.8406,-1,-1,-1
532,120,224.64,27.59,151.74,452.30,0.8936,-1,-1,-1
532,128,102.26,158.61,52.60,163.58,0.7518,-1,-1,-1
532,124,385.11,106.45,90.20,324.33,0.8402,-1,-1,-1
533,117,453.70,0.55,225.47,478.56,0.8890,-1,-1,-1
533,125,164.92,96.53,91.22,277.90,0.7978,-1,-1,-1
533,120,219.28,24.14,152.38,456.90,0.8799,-1,-1,-1
533,128,87.17,154.92,55.19,168.84,0.7949,-1,-1,-1
533,124,379.37,100.43,89.66,317.12,0.8438,-1,-1,-1
534,117,458.19,1.35,218.20,477.42,0.8880,-1,-1,-1
534,125,154.50,91.31,91.76,280.74,0.7946,-1,-1,-1
534,120,206.52,23.47,151.66,457.14,0.8854,-1,-1,-1
534,128,65.24,148.36,58.85,178.88,0.7984,-1,-1,-1
534,124,367.49,96.15,90.38,316.43,0.7876,-1,-1,-1
534,129,457.77,89.01,55.69,294.98,0.7802,-1,-1,-1
535,117,464.06,1.87,210.74,475.58,0.8779,-1,-1,-1
535,125,143.48,90.28,94.42,289.66,0.5142,-1,-1,-1
535,120,195.34,23.33,151.77,457.72,0.8782,-1,-1,-1
535,128,47.72,140.67,62.65,189.47,0.7869,-1,-1,-1
535,124,352.76,95.26,93.00,319.07,0.7805,-1,-1,-1
535,129,453.96,89.04,59.96,316.66,0.8451,-1,-1,-1
536,117,469.81,0.99,204.65,477.04,0.8810,-1,-1,-1
536,125,147.38,114.23,70.20,204.77,0.5161,-1,-1,-1
536,120,192.43,19.54,151.34,458.04,0.8794,-1,-1,-1
536,128,34.49,133.34,66.49,199.38,0.7968,-1,-1,-1
536,124,339.67,95.71,97.05,323.17,0.8517,-1,-1,-1
536,129,453.19,88.87,60.78,318.21,0.8429,-1,-1,-1
537,117,476.45,5.40,196.59,473.21,0.8824,-1,-1,-1
537,125,144.96,119.94,62.28,175.76,0.4640,-1,-1,-1
537,120,191.80,9.30,151.23,458.10,0.8817,-1,-1,-1
537,128,18.27,121.83,70.85,209.71,0.8026,-1,-1,-1
537,124,330.89,93.18,101.37,329.56,0.8493,-1,-1,-1
537,129,452.97,85.57,61.80,318.73,0.8732,-1,-1,-1
538,117,481.79,2.87,191.27,476.34,0.8789,-1,-1,-1
538,125,142.01,125.29,59.54,163.40,0.5854,-1,-1,-1
538,120,194.70,4.00,150.94,455.81,0.8947,-1,-1,-1
538,128,8.47,117.12,75.35,221.32,0.8456,-1,-1,-1
538,124,329.79,91.23,103.30,334.03,0.8007,-1,-1,-1
538,129,451.74,85.13,65.64,332.56,0.8513,-1,-1,-1
539,117,493.62,2.34,182.89,475.04,0.8620,-1,-1,-1
539,125,150.19,123.66,58.91,162.14,0.6061,-1,-1,-1
539,120,198.36,1.83,154.41,464.23,0.8856,-1,-1,-1
539,128,0.28,112.57,80.25,234.48,0.8775,-1,-1,-1
539,124,332.91,88.35,102.17,331.33,0.8634,-1,-1,-1
539,129,458.31,83.82,66.07,326.92,0.8490,-1,-1,-1
539,130,124.43,140.81,39.50,145.57,0.7932,-1,-1,-1
539,131,411.31,126.34,43.23,224.95,0.7755,-1,-1,-1
540,117,504.72,5.35,172.68,468.71,0.8122,-1,-1,-1
540,125,158.01,122.39,76.82,216.69,0.7546,-1,-1,-1
540,120,202.53,0.67,157.57,472.97,0.8777,-1,-1,-1
540,128,-3.19,112.57,84.19,245.11,0.8681,-1,-1,-1
540,124,337.76,88.05,100.35,327.24,0.8686,-1,-1,-1
540,129,463.65,79.47,69.72,335.95,0.8351,-1,-1,-1
540,130,126.85,138.97,41.12,150.63,0.7812,-1,-1,-1
540,131,415.55,127.76,42.99,222.77,0.7292,-1,-1,-1
541,125,170.45,124.44,80.83,236.26,0.7327,-1,-1,-1
541,120,211.87,0.18,157.91,473.39,0.8654,-1,-1,-1
541,128,-8.42,108.54,88.61,260.75,0.8601,-1,-1,-1
541,124,343.80,84.41,101.53,334.51,0.8384,-1,-1,-1
541,129,472.12,74.93,73.99,343.63,0.7461,-1,-1,-1
541,130,127.14,139.41,42.92,155.04,0.8574,-1,-1,-1
541,131,423.15,126.22,44.89,232.10,0.6711,-1,-1,-1
541,122,542.66,26.05,117.18,402.75,0.7544,-1,-1,-1
542,125,184.30,123.76,80.71,247.22,0.4877,-1,-1,-1
542,120,222.91,1.00,157.61,473.66,0.8767,-1,-1,-1
542,128,-13.52,100.07,92.44,277.94,0.8438,-1,-1,-1
542,124,351.35,83.54,101.50,339.07,0.7930,-1,-1,-1
542,129,469.56,71.89,79.14,352.55,0.6215,-1,-1,-1
542,130,122.67,139.26,45.58,160.78,0.8664,-1,-1,-1
543,125,193.91,124.11,79.61,255.35,0.5257,-1,-1,-1
543,120,232.77,5.25,157.18,471.62,0.8474,-1,-1,-1
543,128,-15.79,92.69,94.80,291.82,0.8645,-1,-1,-1
543,124,357.79,87.81,100.84,342.55,0.6886,-1,-1,-1
543,129,462.32,74.04,84.04,360.61,0.8114,-1,-1,-1
543,130,118.31,142.14,47.51,162.55,0.8755,-1,-1,-1
544,125,203.29,129.57,75.21,250.89,0.6382,-1,-1,-1
544,120,240.96,3.74,158.53,475.56,0.8633,-1,-1,-1
544,128,-20.74,86.29,94.32,301.88,0.8031,-1,-1,-1
544,124,371.62,88.52,93.87,325.56,0.5156,-1,-1,-1
544,129,465.86,74.96,89.00,366.54,0.8223,-1,-1,-1
544,130,113.90,137.98,50.64,167.97,0.8782,-1,-1,-1
544,132,187.56,147.57,40.15,150.16,0.7646,-1,-1,-1
545,125,213.22,139.66,69.39,239.97,0.3899,-1,-1,-1
545,120,246.26,1.39,160.35,478.61,0.8553,-1,-1,-1
545,128,-17.55,100.85,88.06,289.16,0.7935,-1,-1,-1
545,124,380.33,88.63,94.72,339.24,0.5132,-1,-1,-1
545,129,471.50,74.35,93.29,371.39,0.8016,-1,-1,-1
545,130,113.72,135.39,53.22,171.20,0.8726,-1,-1,-1
545,132,190.37,148.48,40.62,151.05,0.7137,-1,-1,-1
546,120,256.18,0.38,161.86,479.08,0.8985,-1,-1,-1
546,128,-17.55,112.22,83.30,282.93,0.7622,-1,-1,-1
546,124,378.03,85.28,97.25,348.55,0.5795,-1,-1,-1
546,129,481.18,71.90,96.01,373.78,0.7836,-1,-1,-1
546,130,115.25,131.51,56.20,176.10,0.8602,-1,-1,-1
546,132,196.74,149.07,41.41,152.90,0.7579,-1,-1,-1
547,120,260.61,0.29,165.05,479.86,0.8883,-1,-1,-1
547,124,387.19,82.66,95.48,344.32,0.6853,-1,-1,-1
547,129,494.62,67.94,96.95,368.81,0.7380,-1,-1,-1
547,130,115.60,124.27,59.03,183.32,0.7894,-1,-1,-1
547,132,198.68,143.72,43.53,159.06,0.8171,-1,-1,-1
548,120,264.11,-0.23,166.66,474.79,0.8814,-1,-1,-1
548,124,394.46,82.10,95.24,348.37,0.5365,-1,-1,-1
548,129,508.58,65.16,100.19,375.08,0.7096,-1,-1,-1
548,130,117.22,121.42,60.68,188.03,0.8157,-1,-1,-1
548,132,202.55,139.46,45.92,165.05,0.8394,-1,-1,-1
548,131,474.36,116.93,48.60,253.06,0.6141,-1,-1,-1
549,120,266.37,-0.08,168.67,472.43,0.8594,-1,-1,-1
549,124,410.93,86.44,89.40,337.29,0.4070,-1,-1,-1
549,129,520.53,63.09,104.58,384.98,0.7685,-1,-1,-1
549,130,118.01,118.71,62.38,192.57,0.8225,-1,-1,-1
549,132,203.07,135.70,48.23,170.28,0.8261,-1,-1,-1
549,131,481.20,120.75,47.90,248.11,0.6846,-1,-1,-1
550,120,269.03,-0.19,172.29,477.44,0.7731,-1,-1,-1
550,124,404.61,71.18,93.90,359.55,0.3738,-1,-1,-1
550,129,528.64,53.04,107.95,396.58,0.8854,-1,-1,-1
550,130,112.32,108.37,65.35,200.29,0.7353,-1,-1,-1
550,132,202.96,122.52,50.79,176.68,0.8328,-1,-1,-1
550,131,488.83,114.27,48.95,249.07,0.7895,-1,-1,-1
551,120,270.59,-0.03,173.21,478.32,0.7981,-1,-1,-1
551,124,404.14,70.36,93.93,364.94,0.5840,-1,-1,-1
551,129,533.00,46.41,109.82,404.98,0.9019,-1,-1,-1
551,130,102.87,100.38,68.67,207.66,0.8372,-1,-1,-1
551,132,201.06,114.51,52.92,181.77,0.8254,-1,-1,-1
551,131,494.66,110.09,50.56,250.60,0.7482,-1,-1,-1
552,120,280.34,-0.22,173.31,465.59,0.7676,-1,-1,-1
552,124,415.22,67.45,73.81,287.01,0.6492,-1,-1,-1
552,129,536.71,47.69,109.83,408.45,0.8940,-1,-1,-1
552,130,89.57,100.53,72.48,215.92,0.8669,-1,-1,-1
552,132,193.82,113.24,56.96,191.08,0.8695,-1,-1,-1
552,131,498.39,113.42,51.21,249.95,0.8078,-1,-1,-1
553,120,273.67,4.73,178.28,470.10,0.8598,-1,-1,-1
553,124,414.90,67.38,66.60,256.92,0.6963,-1,-1,-1
553,129,539.90,49.97,109.03,410.51,0.8766,-1,-1,-1
553,130,78.49,99.25,75.99,224.76,0.8717,-1,-1,-1
553,132,184.83,114.83,60.15,196.06,0.8716,-1,-1,-1
553,131,501.25,116.16,52.10,249.75,0.8039,-1,-1,-1
554,120,260.20,1.84,181.69,476.50,0.8953,-1,-1,-1
554,124,423.86,102.12,56.87,221.45,0.3899,-1,-1,-1
554,129,544.16,50.45,106.21,406.10,0.8936,-1,-1,-1
554,130,68.61,96.65,78.92,233.50,0.8522,-1,-1,-1
554,132,178.87,115.09,63.89,203.54,0.8604,-1,-1,-1
554,131,506.59,117.95,52.87,248.84,0.7678,-1,-1,-1
555,120,261.78,0.85,182.88,478.80,0.9125,-1,-1,-1
555,124,413.09,111.64,61.22,237.53,0.6300,-1,-1,-1
555,129,549.52,47.18,102.87,401.81,0.8912,-1,-1,-1
555,130,59.92,91.62,80.42,241.07,0.8391,-1,-1,-1
555,132,174.26,110.85,67.46,212.85,0.8783,-1,-1,-1
555,131,513.30,114.25,54.03,248.15,0.7635,-1,-1,-1
556,120,259.40,1.17,183.96,478.95,0.9082,-1,-1,-1
556,124,414.01,115.54,63.39,245.50,0.6948,-1,-1,-1
556,129,553.72,46.93,100.23,401.51,0.8629,-1,-1,-1
556,130,49.61,89.52,82.17,247.52,0.8331,-1,-1,-1
556,132,170.00,110.05,70.15,219.95,0.8762,-1,-1,-1
556,131,517.41,114.99,55.76,248.98,0.7722,-1,-1,-1
557,120,263.04,2.83,183.95,477.39,0.9203,-1,-1,-1
557,124,420.12,120.61,70.26,270.38,0.7216,-1,-1,-1
557,129,551.27,55.88,97.51,393.48,0.8320,-1,-1,-1
557,130,31.26,89.56,85.93,257.01,0.8682,-1,-1,-1
557,132,162.06,109.65,73.76,230.25,0.8789,-1,-1,-1
557,131,522.15,124.83,55.86,245.37,0.8214,-1,-1,-1
558,120,264.43,2.89,183.92,476.01,0.9082,-1,-1,-1
558,124,424.42,119.13,75.36,284.70,0.8158,-1,-1,-1
558,129,549.64,58.83,94.96,383.43,0.8451,-1,-1,-1
558,130,12.75,84.53,90.31,266.60,0.8952,-1,-1,-1
558,132,156.13,106.61,76.31,237.13,0.8721,-1,-1,-1
558,131,525.56,128.80,54.54,236.18,0.8128,-1,-1,-1
559,120,270.18,1.54,183.58,474.72,0.9217,-1,-1,-1
559,124,435.26,108.78,83.86,308.27,0.8191,-1,-1,-1
559,129,553.09,52.66,92.03,374.84,0.8579,-1,-1,-1
559,130,3.03,79.85,92.81,272.97,0.9037,-1,-1,-1
559,132,153.38,98.14,79.50,244.86,0.8667,-1,-1,-1
559,131,533.55,120.89,57.15,245.79,0.7421,-1,-1,-1
560,120,271.81,0.45,184.53,477.30,0.9136,-1,-1,-1
560,124,446.18,96.92,91.09,330.93,0.8006,-1,-1,-1
560,129,560.62,46.66,90.04,377.26,0.8585,-1,-1,-1
560,130,-2.93,76.73,94.91,280.48,0.9214,-1,-1,-1
560,132,148.54,91.28,84.42,258.26,0.8781,-1,-1,-1
560,131,538.93,115.82,56.83,243.76,0.7395,-1,-1,-1
561,120,263.87,1.14,186.10,478.17,0.8990,-1,-1,-1
561,124,451.28,79.21,98.82,355.86,0.6572,-1,-1,-1
561,129,562.49,41.44,89.46,384.66,0.8866,-1,-1,-1
561,130,-9.81,69.79,95.11,287.25,0.8848,-1,-1,-1
561,132,134.35,81.59,90.42,275.26,0.8097,-1,-1,-1
561,131,541.49,112.21,55.77,245.37,0.5997,-1,-1,-1
562,120,255.44,0.87,187.88,478.31,0.8985,-1,-1,-1
562,124,457.89,63.49,104.61,374.03,0.7988,-1,-1,-1
562,129,561.14,36.31,89.75,393.96,0.9048,-1,-1,-1
562,130,-14.06,81.06,88.01,274.36,0.8560,-1,-1,-1
562,132,119.69,73.93,94.63,286.67,0.8753,-1,-1,-1
563,120,249.85,1.80,190.62,478.03,0.9243,-1,-1,-1
563,124,471.89,49.77,116.29,412.90,0.6245,-1,-1,-1
563,129,564.62,38.67,88.85,402.78,0.8313,-1,-1,-1
563,132,103.81,65.94,102.32,309.23,0.8177,-1,-1,-1
563,134,413.09,80.38,64.24,269.30,0.6222,-1,-1,-1
564,120,245.57,1.73,193.24,478.34,0.9036,-1,-1,-1
564,124,498.55,41.14,120.16,430.39,0.5517,-1,-1,-1
564,129,567.89,39.68,87.03,408.78,0.6636,-1,-1,-1
564,132,92.40,58.75,108.74,326.62,0.8687,-1,-1,-1
564,134,415.38,79.35,66.36,277.66,0.7098,-1,-1,-1
565,120,243.48,1.09,195.10,477.95,0.9221,-1,-1,-1
565,124,498.47,30.05,128.58,449.51,0.8272,-1,-1,-1
565,132,78.28,49.97,115.22,346.27,0.8584,-1,-1,-1
565,134,418.73,75.01,70.91,295.24,0.7920,-1,-1,-1
566,120,240.03,0.84,196.88,478.52,0.9175,-1,-1,-1
566,124,509.02,59.75,123.42,423.03,0.5172,-1,-1,-1
566,132,64.44,40.50,121.40,363.61,0.8917,-1,-1,-1
566,134,423.03,66.06,75.69,314.21,0.8403,-1,-1,-1
567,120,236.48,0.85,196.61,475.87,0.9194,-1,-1,-1
567,124,522.88,69.34,119.88,413.68,0.8255,-1,-1,-1
567,132,47.15,27.58,129.14,386.04,0.9007,-1,-1,-1
567,134,427.69,55.55,80.82,333.83,0.8584,-1,-1,-1
568,120,233.15,0.72,195.98,472.65,0.9187,-1,-1,-1
568,124,530.16,62.31,119.74,419.98,0.6951,-1,-1,-1
568,132,30.13,16.91,136.37,405.78,0.9122,-1,-1,-1
568,134,432.44,45.48,86.82,354.43,0.8648,-1,-1,-1
569,120,225.47,0.53,197.30,474.50,0.9236,-1,-1,-1
569,124,543.29,55.26,117.21,427.75,0.4805,-1,-1,-1
569,132,7.93,3.95,146.67,436.61,0.9100,-1,-1,-1
569,134,434.26,29.56,94.70,378.21,0.8649,-1,-1,-1
570,120,218.28,0.46,198.88,475.73,0.9178,-1,-1,-1
570,124,551.69,48.98,105.52,394.07,0.6262,-1,-1,-1
570,132,-1.93,-0.75,147.05,439.21,0.9159,-1,-1,-1
570,134,438.82,15.02,102.08,399.93,0.8622,-1,-1,-1
571,120,208.08,0.11,202.29,477.01,0.9079,-1,-1,-1
571,124,556.67,51.54,98.49,376.39,0.8798,-1,-1,-1
571,132,-11.39,-2.73,147.59,448.40,0.8978,-1,-1,-1
571,134,446.09,3.10,110.74,425.26,0.8686,-1,-1,-1
572,120,200.08,-0.02,205.47,476.76,0.9157,-1,-1,-1
572,124,565.19,57.53,85.75,332.65,0.7341,-1,-1,-1
572,132,-18.51,-2.56,146.74,457.58,0.8826,-1,-1,-1
572,134,453.81,-1.88,118.82,446.65,0.8796,-1,-1,-1
573,120,195.28,-0.03,209.65,478.25,0.9162,-1,-1,-1
573,124,575.69,67.36,79.52,321.09,0.4259,-1,-1,-1
573,132,-23.64,8.63,142.78,460.27,0.8323,-1,-1,-1
573,134,463.36,-3.28,129.75,473.17,0.8487,-1,-1,-1
574,120,196.20,-0.06,213.50,478.19,0.9135,-1,-1,-1
574,134,474.17,-4.04,136.63,484.38,0.9044,-1,-1,-1
575,120,201.35,-0.06,216.26,477.61,0.9049,-1,-1,-1
575,134,481.94,-3.76,140.65,487.31,0.9145,-1,-1,-1
576,120,207.69,-0.06,219.33,479.07,0.9184,-1,-1,-1
576,134,489.21,-3.30,142.67,488.29,0.9071,-1,-1,-1
577,120,213.69,-0.05,221.86,479.79,0.9225,-1,-1,-1
577,134,496.80,-2.72,142.62,486.57,0.8957,-1,-1,-1
578,120,220.14,0.12,223.59,479.88,0.9245,-1,-1,-1
578,134,508.17,-2.01,140.77,486.39,0.7291,-1,-1,-1
579,120,226.68,0.20,224.69,479.88,0.9072,-1,-1,-1
580,120,235.63,0.34,224.39,477.49,0.9166,-1,-1,-1
580,134,514.77,48.91,113.72,383.35,0.8443,-1,-1,-1
581,120,251.07,0.15,225.66,478.35,0.9243,-1,-1,-1
581,138,217.37,150.30,44.79,131.70,0.7864,-1,-1,-1
581,134,506.06,65.25,99.38,339.18,0.7142,-1,-1,-1
582,120,260.41,0.17,226.27,476.91,0.9218,-1,-1,-1
582,138,215.35,150.24,46.24,135.49,0.8260,-1,-1,-1
582,134,498.66,71.06,94.36,325.19,0.6026,-1,-1,-1
583,120,270.29,0.05,229.02,477.30,0.9171,-1,-1,-1
583,138,212.40,157.61,47.46,138.05,0.7320,-1,-1,-1
583,134,495.17,80.70,90.92,318.62,0.6863,-1,-1,-1
584,120,280.97,0.00,232.85,476.94,0.9155,-1,-1,-1
584,138,208.91,159.63,49.35,142.54,0.7192,-1,-1,-1
584,134,513.97,94.82,92.73,315.23,0.5038,-1,-1,-1
585,120,290.38,0.13,236.73,475.35,0.9072,-1,-1,-1
585,138,204.09,153.10,51.89,149.43,0.7361,-1,-1,-1
585,134,534.59,113.57,74.81,257.19,0.4531,-1,-1,-1
586,120,294.56,0.03,239.88,473.70,0.9011,-1,-1,-1
586,138,199.87,147.22,55.29,158.75,0.8082,-1,-1,-1
586,134,534.29,121.75,73.37,254.05,0.7515,-1,-1,-1
586,141,1.98,0.01,112.36,474.84,0.5812,-1,-1,-1
587,120,291.41,0.01,241.21,472.23,0.9127,-1,-1,-1
587,138,192.54,144.08,56.59,161.60,0.8180,-1,-1,-1
587,134,525.93,121.72,71.93,250.49,0.6560,-1,-1,-1
587,141,-0.17,0.00,112.75,476.70,0.6821,-1,-1,-1
588,120,283.68,-0.01,244.36,477.21,0.9158,-1,-1,-1
588,138,183.87,145.05,57.86,164.83,0.8345,-1,-1,-1
588,134,518.97,125.79,70.75,246.60,0.7257,-1,-1,-1
588,141,-3.55,-0.00,112.78,477.99,0.6465,-1,-1,-1
588,142,454.09,169.27,82.70,223.93,0.5844,-1,-1,-1
589,120,262.05,-0.01,245.96,478.90,0.9051,-1,-1,-1
589,138,164.23,143.98,60.42,171.32,0.7229,-1,-1,-1
589,141,-6.64,0.66,111.93,476.97,0.6293,-1,-1,-1
589,142,469.73,136.52,88.78,240.14,0.6394,-1,-1,-1
590,120,246.14,-0.01,246.81,478.46,0.8834,-1,-1,-1
590,138,148.97,141.26,63.09,177.57,0.8216,-1,-1,-1
590,141,-5.74,1.71,110.17,471.60,0.3432,-1,-1,-1
590,142,465.89,124.36,91.20,246.14,0.7959,-1,-1,-1
591,120,222.98,-0.00,249.08,479.12,0.8733,-1,-1,-1
591,138,130.83,140.27,65.11,182.94,0.8122,-1,-1,-1
591,141,-0.15,0.62,110.32,471.01,0.6629,-1,-1,-1
591,142,453.18,119.40,91.36,246.53,0.6489,-1,-1,-1
592,120,201.87,-0.01,250.08,478.68,0.8745,-1,-1,-1
592,138,112.02,142.17,68.98,193.13,0.8585,-1,-1,-1
592,141,-4.73,1.09,93.75,404.25,0.7696,-1,-1,-1
592,142,421.49,120.82,96.30,258.50,0.7559,-1,-1,-1
593,120,195.43,-0.01,250.65,479.40,0.8939,-1,-1,-1
593,138,91.39,134.99,73.44,205.15,0.8117,-1,-1,-1
593,141,-1.73,9.64,103.57,446.85,0.4038,-1,-1,-1
594,120,190.79,0.29,250.06,478.97,0.8991,-1,-1,-1
594,138,75.89,127.31,76.46,213.45,0.8333,-1,-1,-1
594,141,-3.02,23.06,103.23,447.78,0.5638,-1,-1,-1
595,120,188.27,0.32,249.43,479.49,0.9078,-1,-1,-1
595,138,54.04,120.82,81.98,226.46,0.7864,-1,-1,-1
596,120,184.85,0.29,248.10,479.72,0.9078,-1,-1,-1
596,138,39.42,113.24,86.01,236.34,0.8217,-1,-1,-1
596,142,364.58,123.14,96.13,261.46,0.5818,-1,-1,-1
597,120,184.52,0.11,245.27,478.90,0.9004,-1,-1,-1
597,138,26.99,107.06,89.07,245.19,0.7980,-1,-1,-1
597,142,356.78,133.59,90.98,248.40,0.3712,-1,-1,-1
598,120,186.30,0.04,242.46,478.35,0.9108,-1,-1,-1
598,138,13.61,105.23,91.09,252.10,0.7668,-1,-1,-1
598,143,164.35,154.15,42.76,149.18,0.7754,-1,-1,-1
599,120,188.54,0.01,240.50,477.53,0.9032,-1,-1,-1
599,138,-1.96,101.28,97.95,273.42,0.8245,-1,-1,-1
599,143,159.36,152.62,43.63,151.07,0.8051,-1,-1,-1
600,120,193.94,0.66,239.31,475.91,0.9121,-1,-1,-1
600,138,-12.64,96.76,96.81,277.40,0.8680,-1,-1,-1
600,143,153.74,153.09,46.04,157.99,0.8116,-1,-1,-1
600,145,596.20,153.20,45.90,196.18,0.6039,-1,-1,-1
601,120,194.29,0.64,240.27,478.05,0.9209,-1,-1,-1
601,143,148.01,153.07,48.05,163.07,0.8204,-1,-1,-1
601,145,592.66,138.03,50.43,216.12,0.5683,-1,-1,-1
602,120,192.82,0.23,241.46,479.34,0.9112,-1,-1,-1
602,143,143.84,151.34,49.71,167.32,0.8201,-1,-1,-1
602,145,588.17,119.78,55.39,238.31,0.5306,-1,-1,-1
603,120,190.74,0.20,241.36,479.71,0.9084,-1,-1,-1
603,143,138.03,151.78,51.92,172.69,0.8622,-1,-1,-1
603,145,585.18,109.57,58.57,253.28,0.5837,-1,-1,-1
604,120,188.61,0.07,240.55,479.96,0.9057,-1,-1,-1
604,143,136.18,148.77,54.48,178.29,0.8127,-1,-1,-1
604,145,573.65,103.92,76.54,335.98,0.4698,-1,-1,-1
605,120,187.52,0.02,238.19,479.59,0.9085,-1,-1,-1
605,143,133.68,145.20,56.72,183.10,0.8074,-1,-1,-1
605,145,578.44,97.27,67.58,297.90,0.5190,-1,-1,-1
606,120,187.94,-0.00,235.24,478.86,0.9110,-1,-1,-1
606,143,130.62,141.16,58.42,185.70,0.8113,-1,-1,-1
606,145,574.77,95.18,79.18,358.39,0.4641,-1,-1,-1
607,120,186.45,0.74,232.97,478.87,0.9039,-1,-1,-1
607,143,124.19,135.11,62.13,193.73,0.8302,-1,-1,-1
608,120,185.14,0.27,231.59,479.63,0.9086,-1,-1,-1
608,143,112.30,131.92,66.74,201.60,0.8437,-1,-1,-1
609,120,190.96,0.28,230.73,479.73,0.9003,-1,-1,-1
609,143,105.19,126.58,71.72,210.77,0.8684,-1,-1,-1
610,120,199.73,0.10,229.97,479.95,0.7993,-1,-1,-1
610,143,98.86,123.35,75.48,219.59,0.8499,-1,-1,-1
611,120,211.76,0.03,228.30,480.02,0.8659,-1,-1,-1
611,143,94.05,123.10,78.30,226.85,0.8527,-1,-1,-1
611,142,185.39,147.57,82.21,237.95,0.6499,-1,-1,-1
612,120,222.54,0.00,227.73,480.05,0.8847,-1,-1,-1
612,143,83.13,117.42,82.13,237.21,0.8632,-1,-1,-1
612,142,182.36,141.72,81.90,243.03,0.4076,-1,-1,-1
613,120,228.65,-0.01,228.06,480.05,0.8775,-1,-1,-1
613,143,68.12,110.27,85.99,244.21,0.8604,-1,-1,-1
613,142,181.91,138.32,80.57,235.70,0.5147,-1,-1,-1
613,148,156.36,163.34,38.76,124.43,0.7298,-1,-1,-1
613,141,2.14,20.33,71.49,305.20,0.7613,-1,-1,-1
614,120,241.87,-0.01,227.54,478.71,0.8816,-1,-1,-1
614,143,52.89,101.83,91.91,261.33,0.8848,-1,-1,-1
614,142,173.47,116.54,86.50,252.34,0.8665,-1,-1,-1
614,148,146.29,159.33,40.50,129.53,0.7537,-1,-1,-1
614,141,1.27,27.98,72.15,306.18,0.7064,-1,-1,-1
615,120,253.25,0.04,226.60,478.22,0.8894,-1,-1,-1
615,143,45.29,96.25,94.91,272.17,0.8384,-1,-1,-1
615,142,172.86,108.94,88.61,261.02,0.8633,-1,-1,-1
615,148,140.03,157.28,41.72,132.67,0.7917,-1,-1,-1
615,141,-4.88,23.33,82.23,361.17,0.7938,-1,-1,-1
616,120,266.99,0.01,226.68,479.36,0.8924,-1,-1,-1
616,143,41.81,90.51,93.03,271.42,0.7537,-1,-1,-1
616,142,175.06,106.77,89.24,267.47,0.8400,-1,-1,-1
616,148,133.80,152.71,43.77,138.05,0.8220,-1,-1,-1
616,141,-7.78,12.89,91.94,417.13,0.6317,-1,-1,-1
617,120,275.90,-0.00,226.60,479.35,0.8881,-1,-1,-1
617,143,42.91,80.25,79.42,230.09,0.6213,-1,-1,-1
617,142,175.46,102.35,88.98,270.41,0.8541,-1,-1,-1
617,148,130.30,146.27,45.69,142.61,0.7973,-1,-1,-1
617,141,-6.85,5.32,96.69,446.89,0.4682,-1,-1,-1
618,120,278.41,-0.00,226.78,479.11,0.8937,-1,-1,-1
618,142,171.39,97.97,88.14,272.56,0.8549,-1,-1,-1
618,148,119.49,140.10,48.65,148.83,0.7921,-1,-1,-1
618,141,-6.09,1.05,100.77,472.70,0.8149,-1,-1,-1
618,150,252.70,97.72,71.87,243.83,0.7249,-1,-1,-1
619,120,277.44,-0.01,227.40,479.70,0.9010,-1,-1,-1
619,142,165.33,95.83,86.15,270.29,0.8632,-1,-1,-1
619,148,107.19,136.71,49.89,151.92,0.8066,-1,-1,-1
619,141,-3.84,-0.47,102.07,481.71,0.8445,-1,-1,-1
619,150,250.93,94.59,75.43,257.13,0.7926,-1,-1,-1
620,120,276.16,-0.01,227.45,479.92,0.8565,-1,-1,-1
620,142,161.94,94.03,83.49,265.79,0.8336,-1,-1,-1
620,148,98.28,135.02,52.23,157.12,0.8081,-1,-1,-1
620,141,-0.68,-0.13,102.64,482.55,0.8455,-1,-1,-1
620,150,250.81,92.19,77.60,265.86,0.8104,-1,-1,-1
620,151,233.61,124.77,41.87,175.28,0.6489,-1,-1,-1
621,120,281.86,0.19,224.26,478.27,0.8909,-1,-1,-1
621,142,162.41,99.91,82.17,265.70,0.7976,-1,-1,-1
621,148,94.94,137.81,54.38,161.64,0.7955,-1,-1,-1
621,141,0.07,0.81,103.18,484.21,0.8804,-1,-1,-1
621,150,253.27,98.98,77.10,265.45,0.8151,-1,-1,-1
621,151,235.86,132.30,41.93,175.81,0.7010,-1,-1,-1
622,120,291.79,0.39,221.11,479.06,0.9047,-1,-1,-1
622,142,165.74,107.70,81.22,266.48,0.8545,-1,-1,-1
622,148,93.50,140.73,55.41,163.22,0.8021,-1,-1,-1
622,141,4.00,-0.41,105.24,486.06,0.8905,-1,-1,-1
622,150,256.06,108.35,77.20,268.48,0.8253,-1,-1,-1
622,151,239.16,142.45,40.38,170.04,0.6811,-1,-1,-1
623,120,295.65,0.56,217.85,479.26,0.9139,-1,-1,-1
623,142,165.93,114.54,80.57,267.34,0.8562,-1,-1,-1
623,148,93.18,141.34,52.06,152.22,0.7316,-1,-1,-1
623,141,6.74,1.09,106.70,483.35,0.8239,-1,-1,-1
623,150,256.60,116.43,76.15,267.64,0.8259,-1,-1,-1
623,151,238.12,151.23,39.09,165.76,0.7129,-1,-1,-1
624,120,295.33,0.21,214.71,478.93,0.9197,-1,-1,-1
624,142,164.73,119.84,80.16,266.89,0.8213,-1,-1,-1
624,148,87.50,126.63,50.84,148.60,0.4267,-1,-1,-1
624,141,5.75,0.28,108.17,484.35,0.6564,-1,-1,-1
624,150,256.05,119.90,75.30,265.97,0.8273,-1,-1,-1
624,151,236.24,156.34,38.44,164.74,0.5107,-1,-1,-1
625,120,296.43,0.07,212.37,479.43,0.9171,-1,-1,-1
625,142,164.39,118.02,80.80,267.86,0.7985,-1,-1,-1
625,141,1.40,47.84,96.98,435.54,0.6965,-1,-1,-1
625,150,252.55,118.59,73.47,257.68,0.8592,-1,-1,-1
626,120,301.34,0.02,210.93,479.20,0.9133,-1,-1,-1
626,142,163.82,115.19,82.51,267.23,0.8228,-1,-1,-1
626,141,1.72,67.18,92.79,414.91,0.6167,-1,-1,-1
626,150,252.86,113.87,72.78,254.54,0.8529,-1,-1,-1
627,120,309.58,0.00,210.99,478.92,0.9044,-1,-1,-1
627,142,171.42,109.07,80.77,261.74,0.7839,-1,-1,-1
627,141,11.31,23.82,106.09,458.81,0.6251,-1,-1,-1
627,150,254.17,108.69,73.08,256.62,0.8542,-1,-1,-1
628,120,322.24,-0.00,212.88,479.17,0.9194,-1,-1,-1
628,142,175.23,102.15,80.85,261.49,0.8363,-1,-1,-1
628,141,16.39,8.97,113.75,473.89,0.6092,-1,-1,-1
628,150,257.15,105.16,73.77,258.87,0.8704,-1,-1,-1
629,120,340.59,-0.01,216.38,478.06,0.8932,-1,-1,-1
629,142,183.00,105.00,81.04,262.31,0.8099,-1,-1,-1
629,141,20.65,3.48,119.99,479.15,0.6210,-1,-1,-1
629,150,265.13,109.97,73.76,258.12,0.8297,-1,-1,-1
630,120,358.88,-0.01,221.84,479.30,0.8930,-1,-1,-1
630,142,190.32,110.63,81.85,262.00,0.7738,-1,-1,-1
630,141,24.60,1.16,126.20,480.54,0.8124,-1,-1,-1
630,150,273.41,113.11,73.70,257.71,0.8099,-1,-1,-1
630,152,162.21,133.04,49.92,182.05,0.7467,-1,-1,-1
631,120,373.29,-0.01,225.60,476.84,0.8939,-1,-1,-1
631,142,204.85,114.22,80.74,262.04,0.8263,-1,-1,-1
631,141,29.22,-0.31,132.95,480.48,0.8903,-1,-1,-1
631,150,284.14,114.12,73.33,255.17,0.8256,-1,-1,-1
631,152,167.86,130.64,52.30,190.33,0.7460,-1,-1,-1
632,120,382.31,-0.01,229.30,477.27,0.9166,-1,-1,-1
632,142,213.49,117.33,78.91,261.06,0.8479,-1,-1,-1
632,141,30.32,-0.47,139.41,481.26,0.8934,-1,-1,-1
632,150,291.25,116.12,71.61,247.35,0.8495,-1,-1,-1
632,152,179.66,131.46,40.61,145.90,0.4527,-1,-1,-1
633,120,393.98,-0.01,232.44,479.02,0.9046,-1,-1,-1
633,142,221.97,117.23,76.02,255.89,0.8410,-1,-1,-1
633,141,39.97,-0.67,144.39,481.94,0.8634,-1,-1,-1
633,150,298.38,115.47,71.67,246.86,0.8505,-1,-1,-1
633,152,171.43,130.28,62.90,228.17,0.5313,-1,-1,-1
634,120,404.11,-0.00,232.36,477.69,0.9106,-1,-1,-1
634,142,229.31,113.86,74.45,253.78,0.8294,-1,-1,-1
634,141,44.44,-0.94,146.83,482.29,0.7757,-1,-1,-1
634,150,305.72,114.45,71.81,247.62,0.8355,-1,-1,-1
634,153,-0.48,70.87,55.75,302.91,0.7632,-1,-1,-1
635,120,413.00,-0.00,231.96,479.18,0.9113,-1,-1,-1
635,142,236.77,114.03,72.61,250.54,0.8128,-1,-1,-1
635,141,55.95,-0.58,151.68,481.85,0.8729,-1,-1,-1
635,150,314.08,116.08,71.87,247.78,0.8468,-1,-1,-1
636,120,416.67,-0.00,230.98,479.11,0.9128,-1,-1,-1
636,142,236.69,116.08,71.67,247.85,0.7757,-1,-1,-1
636,141,61.19,0.18,156.74,480.28,0.8501,-1,-1,-1
636,150,316.31,116.19,71.24,245.52,0.8229,-1,-1,-1
637,120,418.52,0.59,229.98,479.12,0.9243,-1,-1,-1
637,142,240.34,118.08,69.28,242.55,0.7584,-1,-1,-1
637,141,66.48,-0.16,160.80,480.93,0.8326,-1,-1,-1
637,150,316.47,116.13,70.08,241.56,0.8094,-1,-1,-1
638,120,418.46,0.90,229.18,479.02,0.9152,-1,-1,-1
638,142,244.99,118.02,65.94,233.02,0.8277,-1,-1,-1
638,141,73.86,-0.49,163.83,481.31,0.8364,-1,-1,-1
638,150,316.11,114.80,68.51,235.28,0.8096,-1,-1,-1
639,120,413.45,0.76,229.60,478.58,0.8978,-1,-1,-1
639,142,246.14,115.55,64.71,231.47,0.8172,-1,-1,-1
639,141,75.92,-0.08,165.47,480.86,0.7916,-1,-1,-1
639,150,314.17,112.95,69.06,235.83,0.8497,-1,-1,-1
640,120,411.13,0.93,230.23,478.86,0.8852,-1,-1,-1
640,142,243.56,113.80,64.86,233.75,0.8113,-1,-1,-1
640,141,57.40,0.29,171.04,480.42,0.8316,-1,-1,-1
640,150,310.10,113.31,70.11,236.76,0.8379,-1,-1,-1
641,120,413.70,0.52,229.53,478.31,0.9248,-1,-1,-1
641,142,239.22,117.06,65.01,235.79,0.7443,-1,-1,-1
641,141,49.60,0.21,175.62,480.10,0.8211,-1,-1,-1
641,150,303.91,116.77,70.43,236.23,0.8269,-1,-1,-1
641,153,28.04,61.83,68.02,345.71,0.7208,-1,-1,-1
642,120,410.70,0.40,230.10,479.20,0.9188,-1,-1,-1
642,142,236.88,120.85,65.06,237.99,0.7456,-1,-1,-1
642,141,43.92,-0.17,179.47,478.88,0.8589,-1,-1,-1
642,150,299.67,119.67,70.61,235.03,0.8351,-1,-1,-1
642,153,24.61,51.06,68.73,339.60,0.5938,-1,-1,-1
643,120,407.40,0.35,230.36,478.95,0.9265,-1,-1,-1
643,142,234.53,122.35,64.50,237.22,0.7145,-1,-1,-1
643,141,44.26,1.60,181.56,478.19,0.7258,-1,-1,-1
643,150,297.54,120.24,70.59,233.67,0.8122,-1,-1,-1
643,153,10.68,35.67,74.51,366.48,0.7639,-1,-1,-1
644,120,404.53,0.35,230.56,477.79,0.9290,-1,-1,-1
644,142,225.27,125.71,64.68,235.26,0.6474,-1,-1,-1
644,141,36.53,4.77,183.37,474.88,0.9028,-1,-1,-1
644,150,295.84,122.42,69.43,228.86,0.8343,-1,-1,-1
644,153,5.07,33.70,60.35,295.69,0.6053,-1,-1,-1
645,120,402.66,0.22,231.69,477.21,0.9310,-1,-1,-1
645,142,221.73,126.11,62.86,230.37,0.7903,-1,-1,-1
645,141,39.80,1.83,184.33,478.27,0.8686,-1,-1,-1
645,150,290.85,121.06,69.77,230.23,0.8562,-1,-1,-1
646,120,399.92,0.14,232.81,475.60,0.9145,-1,-1,-1
646,142,220.45,125.32,58.52,215.19,0.7904,-1,-1,-1
646,141,48.78,0.50,182.43,479.75,0.8939,-1,-1,-1
646,150,285.42,122.04,69.40,230.19,0.7914,-1,-1,-1
647,120,397.58,0.40,234.66,475.69,0.9191,-1,-1,-1
647,142,219.36,125.80,53.89,198.12,0.8153,-1,-1,-1
647,141,53.81,0.01,180.02,480.04,0.8976,-1,-1,-1
647,150,280.99,124.63,69.06,230.05,0.7967,-1,-1,-1
647,156,255.47,148.82,35.80,147.36,0.6761,-1,-1,-1
648,120,397.03,0.45,236.01,475.39,0.9144,-1,-1,-1
648,142,217.63,129.16,52.64,194.21,0.7353,-1,-1,-1
648,141,56.17,0.13,177.69,480.05,0.9028,-1,-1,-1
648,150,279.09,128.24,68.34,228.55,0.7823,-1,-1,-1
648,156,254.06,150.72,36.56,150.76,0.6552,-1,-1,-1
649,120,396.14,0.59,237.88,476.72,0.9203,-1,-1,-1
649,142,216.08,135.68,53.95,200.31,0.7172,-1,-1,-1
649,141,55.99,1.77,175.26,478.44,0.8980,-1,-1,-1
649,150,277.88,131.53,67.75,227.12,0.7799,-1,-1,-1
649,156,253.53,154.28,36.21,149.74,0.6807,-1,-1,-1
650,120,395.55,0.40,239.00,476.75,0.9206,-1,-1,-1
650,142,215.02,138.29,54.37,202.23,0.8070,-1,-1,-1
650,141,54.84,4.80,172.99,475.41,0.8956,-1,-1,-1
650,150,276.35,131.33,66.92,223.04,0.7991,-1,-1,-1
651,120,394.16,0.14,240.93,478.64,0.8969,-1,-1,-1
651,142,208.17,129.82,57.08,213.42,0.7679,-1,-1,-1
651,141,43.17,1.68,173.96,478.30,0.8885,-1,-1,-1
651,150,267.42,125.35,67.11,220.28,0.8029,-1,-1,-1
652,120,395.06,0.04,240.82,476.92,0.9023,-1,-1,-1
652,142,204.86,129.03,58.25,217.99,0.8175,-1,-1,-1
652,141,39.68,1.39,173.59,477.53,0.8966,-1,-1,-1
652,150,262.67,126.67,67.95,220.64,0.8354,-1,-1,-1
653,120,395.65,0.43,241.72,478.31,0.8966,-1,-1,-1
653,142,203.37,133.45,58.68,220.08,0.8145,-1,-1,-1
653,141,39.69,3.84,173.07,475.85,0.8762,-1,-1,-1
653,150,260.52,132.50,68.60,221.93,0.8489,-1,-1,-1
654,120,395.53,0.21,242.23,478.80,0.9116,-1,-1,-1
654,142,201.23,133.18,58.70,220.64,0.7886,-1,-1,-1
654,141,36.57,1.33,174.60,478.64,0.8887,-1,-1,-1
654,150,259.64,131.62,68.80,222.41,0.8315,-1,-1,-1
655,120,393.84,0.07,242.54,479.12,0.9175,-1,-1,-1
655,142,197.74,134.40,59.55,220.43,0.8414,-1,-1,-1
655,141,31.13,0.38,177.01,479.68,0.8750,-1,-1,-1
655,150,261.40,131.87,68.79,222.42,0.8482,-1,-1,-1
656,120,391.55,0.05,243.26,479.72,0.8977,-1,-1,-1
656,142,200.03,134.54,59.15,220.27,0.7752,-1,-1,-1
656,141,25.91,0.49,180.01,479.60,0.8913,-1,-1,-1
656,150,263.82,130.86,68.00,220.37,0.8448,-1,-1,-1
657,120,385.44,0.36,244.75,478.31,0.8913,-1,-1,-1
657,142,206.22,128.37,57.09,214.23,0.7780,-1,-1,-1
657,141,27.08,3.73,180.96,474.39,0.9124,-1,-1,-1
657,150,269.73,124.23,66.87,215.65,0.8607,-1,-1,-1
658,120,385.32,0.63,245.33,477.44,0.8927,-1,-1,-1
658,142,212.82,126.37,55.51,209.57,0.8042,-1,-1,-1
658,141,33.54,7.66,180.81,469.49,0.8965,-1,-1,-1
658,150,274.48,120.86,66.57,213.89,0.8461,-1,-1,-1
659,120,383.36,0.40,245.38,478.83,0.9049,-1,-1,-1
659,142,217.93,127.19,53.65,200.92,0.7765,-1,-1,-1
659,141,47.30,8.66,179.56,470.33,0.9092,-1,-1,-1
659,150,279.24,120.13,66.90,214.58,0.8334,-1,-1,-1
660,120,384.61,0.27,244.60,479.12,0.8985,-1,-1,-1
660,142,215.09,132.92,52.78,194.33,0.7545,-1,-1,-1
660,141,59.01,9.74,174.82,466.78,0.8865,-1,-1,-1
660,150,277.79,126.84,66.72,213.30,0.8413,-1,-1,-1
661,120,387.84,0.16,243.21,477.07,0.9184,-1,-1,-1
661,142,213.71,136.44,52.88,191.35,0.6222,-1,-1,-1
661,141,66.83,6.27,172.93,471.38,0.8859,-1,-1,-1
661,150,277.14,130.27,65.88,209.39,0.8185,-1,-1,-1
662,120,389.85,0.05,244.48,478.33,0.8988,-1,-1,-1
662,142,219.56,138.23,48.10,170.27,0.4958,-1,-1,-1
662,141,71.38,3.97,170.77,475.21,0.8764,-1,-1,-1
662,150,275.12,131.25,66.51,211.52,0.8510,-1,-1,-1
663,120,392.12,0.17,243.98,476.29,0.8743,-1,-1,-1
663,142,225.26,137.77,46.02,160.69,0.5902,-1,-1,-1
663,141,77.17,4.40,168.39,475.25,0.8680,-1,-1,-1
663,150,275.43,131.15,65.39,207.25,0.8586,-1,-1,-1
663,158,40.29,130.21,60.64,210.84,0.7919,-1,-1,-1
664,120,393.41,0.29,243.89,475.32,0.9131,-1,-1,-1
664,142,226.92,136.44,45.56,156.80,0.6913,-1,-1,-1
664,141,82.00,7.76,158.29,451.00,0.8857,-1,-1,-1
664,150,275.71,131.26,64.95,204.69,0.8644,-1,-1,-1
664,158,25.31,126.00,63.26,217.47,0.7869,-1,-1,-1
665,120,397.07,0.16,244.58,478.26,0.9056,-1,-1,-1
665,142,228.11,133.72,46.78,159.50,0.8041,-1,-1,-1
665,141,83.79,13.09,158.85,459.30,0.8705,-1,-1,-1
665,150,278.07,130.20,65.05,203.47,0.8241,-1,-1,-1
665,158,15.44,115.61,67.36,229.89,0.8364,-1,-1,-1
666,120,403.87,0.45,242.56,477.99,0.8781,-1,-1,-1
666,142,229.10,132.22,47.76,161.58,0.8193,-1,-1,-1
666,141,86.79,13.73,157.75,462.44,0.8391,-1,-1,-1
666,150,278.65,128.01,65.75,205.37,0.8209,-1,-1,-1
666,158,8.59,107.11,70.52,238.98,0.8896,-1,-1,-1
667,120,413.24,0.53,239.45,478.49,0.8947,-1,-1,-1
667,142,232.63,132.87,46.99,159.57,0.7241,-1,-1,-1
667,141,88.76,12.72,156.46,465.80,0.8721,-1,-1,-1
667,150,279.71,127.95,66.08,206.11,0.8010,-1,-1,-1
667,158,3.28,98.31,73.90,249.10,0.8918,-1,-1,-1
668,120,423.84,0.72,234.98,478.99,0.9091,-1,-1,-1
668,142,235.49,135.43,48.23,163.63,0.7602,-1,-1,-1
668,141,97.39,12.17,154.71,467.22,0.8669,-1,-1,-1
668,150,283.13,130.14,65.73,204.65,0.8484,-1,-1,-1
668,158,-1.37,94.84,76.67,258.65,0.8746,-1,-1,-1
668,159,71.56,95.67,50.18,255.45,0.7957,-1,-1,-1
669,120,432.20,0.77,229.99,479.17,0.9209,-1,-1,-1
669,142,237.31,132.68,47.71,158.88,0.5285,-1,-1,-1
669,141,96.41,7.09,152.01,457.87,0.8750,-1,-1,-1
669,150,287.24,126.85,64.16,199.20,0.8841,-1,-1,-1
669,158,-6.80,89.32,77.84,265.40,0.8560,-1,-1,-1
669,159,65.87,90.78,52.35,265.70,0.7843,-1,-1,-1
670,120,438.09,1.01,224.97,479.03,0.9158,-1,-1,-1
670,142,235.80,130.10,53.95,179.83,0.7521,-1,-1,-1
670,141,94.51,6.96,153.41,458.45,0.8684,-1,-1,-1
670,150,289.94,124.79,63.94,198.15,0.8689,-1,-1,-1
670,158,-11.75,89.41,77.17,268.62,0.8521,-1,-1,-1
670,159,58.21,84.95,56.18,282.96,0.6817,-1,-1,-1
670,160,394.56,102.96,97.44,264.57,0.8375,-1,-1,-1
671,120,442.99,1.29,219.68,477.79,0.9126,-1,-1,-1
671,142,238.67,134.20,55.35,187.91,0.7358,-1,-1,-1
671,141,89.39,15.30,155.20,455.35,0.8384,-1,-1,-1
671,150,291.34,129.26,64.18,198.20,0.8549,-1,-1,-1
671,158,-13.80,108.02,72.19,257.82,0.8169,-1,-1,-1
671,159,49.65,84.09,60.99,303.12,0.7928,-1,-1,-1
671,160,391.56,111.38,98.09,266.51,0.7815,-1,-1,-1
672,120,446.58,1.23,215.29,478.02,0.8930,-1,-1,-1
672,142,243.08,143.79,53.57,186.42,0.7239,-1,-1,-1
672,141,98.78,32.35,151.66,443.72,0.7667,-1,-1,-1
672,150,291.51,138.24,64.59,199.81,0.8583,-1,-1,-1
672,158,-20.56,121.84,69.53,260.73,0.6564,-1,-1,-1
672,159,38.35,83.24,66.87,325.22,0.8464,-1,-1,-1
672,160,392.10,124.20,99.06,270.29,0.8368,-1,-1,-1
673,120,446.27,0.44,212.36,479.32,0.8639,-1,-1,-1
673,142,248.12,142.06,51.40,182.09,0.7724,-1,-1,-1
673,141,104.99,32.06,151.52,446.62,0.8710,-1,-1,-1
673,150,294.13,136.04,64.06,198.44,0.8404,-1,-1,-1
673,159,24.77,66.09,73.84,347.90,0.8679,-1,-1,-1
673,160,396.45,116.60,100.17,274.52,0.8543,-1,-1,-1
674,120,447.56,1.07,208.95,478.89,0.8838,-1,-1,-1
674,142,247.80,137.65,51.10,182.85,0.7834,-1,-1,-1
674,141,94.59,27.35,153.87,452.41,0.7765,-1,-1,-1
674,150,292.28,130.71,63.33,197.58,0.8566,-1,-1,-1
674,159,15.87,46.52,80.63,370.80,0.8913,-1,-1,-1
674,160,393.71,107.50,98.66,272.42,0.8356,-1,-1,-1
675,120,457.38,1.01,203.88,479.01,0.9052,-1,-1,-1
675,142,240.09,138.49,52.17,183.63,0.6282,-1,-1,-1
675,141,91.90,24.19,153.52,455.95,0.8820,-1,-1,-1
675,150,289.02,134.23,60.87,190.64,0.8597,-1,-1,-1
675,159,4.03,33.18,85.48,392.03,0.8869,-1,-1,-1
675,160,388.60,108.51,96.31,268.07,0.8354,-1,-1,-1
676,120,459.08,1.45,199.94,478.60,0.8279,-1,-1,-1
676,142,237.90,140.61,52.40,187.17,0.8134,-1,-1,-1
676,141,92.52,23.81,150.54,449.92,0.8958,-1,-1,-1
676,150,284.22,137.55,60.16,189.33,0.8510,-1,-1,-1
676,159,-6.72,21.82,88.20,410.43,0.8588,-1,-1,-1
676,160,382.46,113.80,95.17,265.83,0.7587,-1,-1,-1
677,120,460.92,1.20,196.44,478.60,0.8987,-1,-1,-1
677,142,238.84,140.58,51.78,187.26,0.8188,-1,-1,-1
677,141,93.74,21.00,150.02,449.17,0.8886,-1,-1,-1
677,150,284.23,138.69,59.97,189.20,0.8241,-1,-1,-1
677,159,-15.65,22.60,86.53,415.28,0.7165,-1,-1,-1
677,160,382.64,115.61,95.54,268.64,0.7805,-1,-1,-1
678,120,461.18,0.94,193.33,477.68,0.9060,-1,-1,-1
678,142,237.89,140.30,50.26,184.15,0.8256,-1,-1,-1
678,141,96.33,18.57,150.11,454.61,0.8651,-1,-1,-1
678,150,281.97,137.74,60.36,190.53,0.8527,-1,-1,-1
678,160,381.47,114.40,96.37,273.01,0.8410,-1,-1,-1
679,120,460.10,0.83,191.55,478.68,0.8952,-1,-1,-1
679,142,235.77,145.57,51.75,192.81,0.7142,-1,-1,-1
679,141,98.18,25.56,147.36,452.06,0.8280,-1,-1,-1
679,150,280.86,140.82,60.49,191.40,0.8565,-1,-1,-1
679,160,380.00,117.53,96.78,274.93,0.7720,-1,-1,-1
680,120,459.95,0.93,189.76,478.91,0.9085,-1,-1,-1
680,142,234.70,150.64,52.37,197.43,0.7467,-1,-1,-1
680,141,101.78,34.74,139.51,429.05,0.8177,-1,-1,-1
680,150,279.86,143.57,60.60,192.15,0.8632,-1,-1,-1
680,160,378.02,120.03,97.50,277.78,0.7584,-1,-1,-1
680,161,77.35,157.61,46.82,168.82,0.5967,-1,-1,-1
681,120,460.55,1.06,188.01,478.91,0.9140,-1,-1,-1
681,142,234.50,150.64,48.77,184.65,0.7857,-1,-1,-1
681,141,102.04,40.24,137.76,424.94,0.7966,-1,-1,-1
681,150,277.88,143.41,59.66,188.41,0.8541,-1,-1,-1
681,160,373.94,118.82,97.73,279.88,0.8328,-1,-1,-1
681,161,66.48,139.18,52.59,189.34,0.7463,-1,-1,-1
682,120,463.75,1.00,185.69,478.53,0.9115,-1,-1,-1
682,142,231.40,148.04,48.10,182.47,0.7967,-1,-1,-1
682,141,99.03,36.65,141.68,438.15,0.8531,-1,-1,-1
682,150,276.30,141.56,59.49,188.04,0.8667,-1,-1,-1
682,160,370.36,115.78,95.92,275.75,0.8198,-1,-1,-1
682,161,55.30,128.44,58.70,210.24,0.7842,-1,-1,-1
683,120,468.40,1.08,182.66,477.46,0.9110,-1,-1,-1
683,142,232.02,147.27,47.21,181.69,0.7650,-1,-1,-1
683,141,98.04,36.67,142.83,441.49,0.8583,-1,-1,-1
683,150,275.53,141.38,58.79,185.95,0.8635,-1,-1,-1
683,160,357.73,114.15,96.29,274.76,0.6908,-1,-1,-1
683,161,47.39,123.49,63.06,225.32,0.7948,-1,-1,-1
684,120,473.66,0.97,179.83,478.51,0.9155,-1,-1,-1
684,142,228.24,144.85,47.72,183.97,0.6547,-1,-1,-1
684,141,95.73,29.86,141.98,438.28,0.8657,-1,-1,-1
684,150,272.56,139.23,59.61,187.99,0.8640,-1,-1,-1
684,160,352.74,110.36,98.18,280.11,0.7305,-1,-1,-1
684,161,38.64,113.43,68.05,241.17,0.7714,-1,-1,-1
685,120,478.41,1.11,176.52,478.72,0.9132,-1,-1,-1
685,142,219.61,142.62,52.25,197.20,0.7062,-1,-1,-1
685,141,90.26,26.15,144.33,441.72,0.8815,-1,-1,-1
685,150,272.86,137.58,60.05,189.08,0.8616,-1,-1,-1
685,160,350.90,110.99,98.91,280.91,0.7595,-1,-1,-1
685,161,26.99,106.03,72.53,252.94,0.5748,-1,-1,-1
686,120,481.14,1.08,173.33,478.41,0.8968,-1,-1,-1
686,142,220.05,142.82,52.04,195.60,0.4229,-1,-1,-1
686,141,84.33,26.21,148.05,449.50,0.8909,-1,-1,-1
686,150,271.13,136.37,60.01,189.15,0.8212,-1,-1,-1
686,160,352.27,111.05,99.16,283.50,0.7943,-1,-1,-1
686,161,18.40,94.19,76.94,266.37,0.7964,-1,-1,-1
687,120,483.05,0.82,170.68,479.01,0.9104,-1,-1,-1
687,142,229.65,143.22,43.05,160.67,0.5414,-1,-1,-1
687,141,83.13,29.95,148.88,448.72,0.8834,-1,-1,-1
687,150,271.55,135.98,58.94,185.70,0.8404,-1,-1,-1
687,160,353.64,109.22,99.62,287.94,0.8427,-1,-1,-1
687,161,6.31,83.38,81.57,280.37,0.8851,-1,-1,-1
688,120,482.73,0.91,168.54,478.89,0.9203,-1,-1,-1
688,142,229.46,140.11,38.84,144.94,0.5504,-1,-1,-1
688,141,75.18,31.83,150.43,447.97,0.8681,-1,-1,-1
688,150,268.14,132.39,58.76,185.02,0.7832,-1,-1,-1
688,160,353.98,105.26,99.25,288.36,0.8473,-1,-1,-1
688,161,-2.03,73.81,84.40,291.14,0.8248,-1,-1,-1
689,120,477.25,0.31,168.07,478.87,0.8965,-1,-1,-1
689,142,224.13,140.86,44.10,165.78,0.7151,-1,-1,-1
689,141,80.52,33.13,149.13,447.05,0.8262,-1,-1,-1
689,150,265.41,132.12,58.85,185.06,0.8241,-1,-1,-1
689,160,353.61,104.76,97.07,284.14,0.8437,-1,-1,-1
689,161,-7.99,67.55,85.02,297.09,0.7674,-1,-1,-1
690,120,462.19,0.08,171.15,479.60,0.8623,-1,-1,-1
690,142,220.02,140.52,46.27,174.58,0.6364,-1,-1,-1
690,141,79.92,32.39,148.97,447.91,0.8663,-1,-1,-1
690,150,262.16,132.95,58.86,185.74,0.8410,-1,-1,-1
690,160,352.59,103.14,94.82,280.39,0.8486,-1,-1,-1
690,161,-11.65,72.08,84.20,299.89,0.6837,-1,-1,-1
690,162,308.32,151.95,45.69,139.10,0.7234,-1,-1,-1
691,120,459.38,-0.00,172.69,479.11,0.8517,-1,-1,-1
691,142,215.08,143.01,51.97,199.44,0.4540,-1,-1,-1
691,141,90.32,31.22,145.78,444.36,0.8914,-1,-1,-1
691,150,260.71,135.99,59.09,186.47,0.8256,-1,-1,-1
691,160,349.56,102.32,94.91,282.94,0.8244,-1,-1,-1
691,162,309.36,153.21,45.86,139.54,0.8004,-1,-1,-1
692,120,475.85,1.09,168.97,476.32,0.8479,-1,-1,-1
692,141,98.03,30.48,141.96,438.07,0.8958,-1,-1,-1
692,150,259.95,139.55,58.70,184.98,0.8394,-1,-1,-1
692,160,348.36,102.91,95.07,286.01,0.8502,-1,-1,-1
692,162,311.59,152.28,46.93,142.58,0.7730,-1,-1,-1
692,163,54.04,135.27,57.73,181.86,0.7586,-1,-1,-1
692,164,-6.96,88.62,56.36,197.13,0.5479,-1,-1,-1
693,120,484.80,1.06,166.12,477.14,0.8814,-1,-1,-1
693,141,104.27,26.06,142.23,444.41,0.8834,-1,-1,-1
693,150,261.29,134.44,59.02,185.81,0.8407,-1,-1,-1
693,160,350.29,101.59,96.04,288.74,0.7831,-1,-1,-1
693,162,315.75,146.95,48.07,146.04,0.6527,-1,-1,-1
693,163,46.80,130.19,60.59,190.33,0.7319,-1,-1,-1
693,164,-8.14,104.65,56.98,200.50,0.3536,-1,-1,-1
694,120,459.12,1.34,170.35,475.32,0.8623,-1,-1,-1
694,141,107.69,25.41,140.55,446.89,0.8489,-1,-1,-1
694,150,262.18,130.79,58.41,182.56,0.8173,-1,-1,-1
694,160,348.23,97.67,96.44,291.07,0.7774,-1,-1,-1
694,162,319.39,139.00,43.29,130.86,0.4944,-1,-1,-1
694,163,32.56,125.74,62.88,195.78,0.7819,-1,-1,-1
695,120,450.53,1.17,174.71,477.61,0.8935,-1,-1,-1
695,141,115.98,26.52,140.89,450.80,0.8025,-1,-1,-1
695,150,261.80,128.20,57.64,179.35,0.8311,-1,-1,-1
695,160,341.05,95.38,97.13,292.69,0.7088,-1,-1,-1
695,162,323.67,134.25,38.97,115.49,0.4509,-1,-1,-1
695,163,19.09,121.03,67.23,207.92,0.8250,-1,-1,-1
695,165,96.75,141.57,36.63,149.13,0.7334,-1,-1,-1
696,120,452.86,1.27,176.53,478.31,0.8511,-1,-1,-1
696,141,119.56,35.71,139.13,443.50,0.7958,-1,-1,-1
696,150,262.52,131.11,58.15,179.48,0.7891,-1,-1,-1
696,160,340.03,96.94,96.10,290.73,0.7924,-1,-1,-1
696,163,9.84,116.61,71.80,221.35,0.8270,-1,-1,-1
696,165,96.23,143.49,37.71,153.15,0.7723,-1,-1,-1
697,120,463.57,1.05,175.50,478.60,0.9058,-1,-1,-1
697,141,124.23,38.83,138.52,441.10,0.8707,-1,-1,-1
697,150,264.59,132.18,58.86,181.40,0.8406,-1,-1,-1
697,160,341.03,96.66,93.46,284.21,0.8335,-1,-1,-1
697,163,3.52,114.52,74.00,228.07,0.8294,-1,-1,-1
697,165,95.00,142.92,38.94,157.74,0.7263,-1,-1,-1
698,120,463.42,0.88,175.56,478.34,0.9108,-1,-1,-1
698,141,133.84,35.84,135.83,435.38,0.8733,-1,-1,-1
698,150,265.31,134.01,58.44,179.98,0.8059,-1,-1,-1
698,160,334.29,93.74,93.97,284.11,0.8187,-1,-1,-1
698,163,-1.93,108.01,76.90,237.17,0.8074,-1,-1,-1
698,165,89.86,140.25,39.80,160.45,0.5224,-1,-1,-1
699,120,461.59,0.81,176.28,478.94,0.9091,-1,-1,-1
699,141,141.21,37.67,130.40,419.10,0.8985,-1,-1,-1
699,150,265.80,138.72,57.81,179.38,0.8272,-1,-1,-1
699,160,332.66,96.43,94.29,286.03,0.8345,-1,-1,-1
699,163,-5.29,107.02,78.61,243.72,0.8453,-1,-1,-1
699,165,85.71,143.05,38.00,152.47,0.5290,-1,-1,-1
699,166,99.65,171.87,59.49,181.22,0.7133,-1,-1,-1
700,120,459.88,1.44,176.86,478.50,0.9097,-1,-1,-1
700,141,140.46,43.36,129.79,411.91,0.8784,-1,-1,-1
700,150,269.23,144.93,55.91,175.58,0.8006,-1,-1,-1
700,160,330.78,103.27,94.94,289.54,0.8484,-1,-1,-1
700,163,-10.48,108.29,81.85,258.18,0.7408,-1,-1,-1
700,166,90.65,173.20,63.57,193.97,0.6921,-1,-1,-1
701,120,460.28,1.21,176.96,477.62,0.9211,-1,-1,-1
701,141,139.12,38.48,133.40,417.92,0.8668,-1,-1,-1
701,150,270.58,140.57,51.33,162.20,0.7944,-1,-1,-1
701,160,326.10,102.28,95.23,291.84,0.8336,-1,-1,-1
701,166,76.60,161.84,68.38,209.22,0.6796,-1,-1,-1
702,120,457.01,1.19,177.84,476.49,0.9250,-1,-1,-1
702,141,136.46,40.18,136.28,421.64,0.8602,-1,-1,-1
702,150,268.85,138.70,49.31,156.30,0.7785,-1,-1,-1
702,160,317.91,101.16,97.51,294.18,0.7966,-1,-1,-1
702,166,62.01,157.32,71.42,219.50,0.7356,-1,-1,-1
702,163,5.70,137.09,59.27,185.80,0.7361,-1,-1,-1
703,120,452.11,2.27,179.57,475.36,0.9266,-1,-1,-1
703,141,132.52,46.53,139.55,425.65,0.8437,-1,-1,-1
703,150,268.84,139.91,46.43,146.97,0.7071,-1,-1,-1
703,160,315.18,102.12,96.76,293.51,0.8208,-1,-1,-1
703,166,47.64,155.54,76.29,234.66,0.8088,-1,-1,-1
703,168,109.09,124.91,51.29,221.63,0.5766,-1,-1,-1
703,163,6.50,146.98,52.26,161.57,0.7033,-1,-1,-1
704,120,447.32,1.63,182.26,476.29,0.9201,-1,-1,-1
704,141,129.89,50.68,140.70,424.41,0.8545,-1,-1,-1
704,150,265.62,142.14,47.11,149.80,0.6489,-1,-1,-1
704,160,312.06,101.40,94.35,289.04,0.8292,-1,-1,-1
704,166,30.19,152.96,81.46,250.98,0.7251,-1,-1,-1
704,168,101.18,122.37,52.39,225.73,0.7108,-1,-1,-1
704,163,1.65,151.17,51.68,159.39,0.7208,-1,-1,-1
705,120,441.57,1.24,185.65,477.61,0.9228,-1,-1,-1
705,141,130.33,49.47,141.43,426.71,0.8726,-1,-1,-1
705,150,261.43,141.98,48.92,156.67,0.6724,-1,-1,-1
705,160,309.64,98.37,92.07,283.21,0.8502,-1,-1,-1
705,166,10.05,148.31,87.92,270.06,0.8042,-1,-1,-1
705,168,90.13,116.46,55.00,235.57,0.7979,-1,-1,-1
705,163,-1.43,168.96,45.79,142.33,0.3344,-1,-1,-1
705,169,380.80,111.19,67.09,219.32,0.6807,-1,-1,-1
706,120,434.09,1.38,189.47,477.71,0.9200,-1,-1,-1
706,141,133.72,44.60,139.98,425.98,0.8629,-1,-1,-1
706,150,260.54,141.21,42.37,133.63,0.7361,-1,-1,-1
706,160,301.13,96.55,92.77,286.67,0.8324,-1,-1,-1
706,166,-5.19,143.00,92.41,286.78,0.8798,-1,-1,-1
706,168,75.57,108.49,59.12,249.54,0.8448,-1,-1,-1
706,169,373.72,103.92,70.12,230.15,0.5083,-1,-1,-1
707,120,423.53,1.31,194.49,477.18,0.8951,-1,-1,-1
707,141,134.88,42.26,135.58,413.58,0.8941,-1,-1,-1
707,150,259.16,141.99,37.93,117.11,0.6436,-1,-1,-1
707,160,295.84,97.96,92.94,289.10,0.8565,-1,-1,-1
707,166,-16.04,138.51,94.87,301.66,0.8315,-1,-1,-1
707,168,57.91,103.38,64.44,265.41,0.7726,-1,-1,-1
707,169,369.61,101.94,72.24,238.03,0.6344,-1,-1,-1
708,120,402.10,1.35,203.06,477.27,0.8693,-1,-1,-1
708,141,131.01,37.77,134.88,413.44,0.8754,-1,-1,-1
708,150,255.86,141.61,37.51,113.80,0.6235,-1,-1,-1
708,160,288.45,99.80,93.53,292.05,0.8378,-1,-1,-1
708,168,36.25,98.17,69.35,276.05,0.7046,-1,-1,-1
708,164,-19.62,128.12,82.98,315.51,0.7599,-1,-1,-1
709,120,398.33,0.79,208.51,478.74,0.8650,-1,-1,-1
709,141,128.41,35.82,135.23,415.70,0.8689,-1,-1,-1
709,150,252.30,139.94,39.80,119.34,0.7152,-1,-1,-1
709,160,283.13,100.18,93.95,294.55,0.8033,-1,-1,-1
709,168,14.05,91.60,83.58,328.50,0.7109,-1,-1,-1
710,120,374.32,0.46,215.03,478.32,0.8939,-1,-1,-1
710,141,125.36,37.15,137.26,424.11,0.8648,-1,-1,-1
710,150,250.76,139.03,39.78,117.32,0.7431,-1,-1,-1
710,160,278.27,97.98,94.91,296.92,0.7581,-1,-1,-1
710,168,2.16,81.69,93.18,364.45,0.6758,-1,-1,-1
711,120,349.55,0.48,221.88,478.90,0.8860,-1,-1,-1
711,141,123.29,37.99,133.88,413.80,0.8207,-1,-1,-1
711,150,247.50,138.41,39.41,116.10,0.6849,-1,-1,-1
711,160,273.51,93.57,95.76,300.86,0.7810,-1,-1,-1
711,168,-0.30,65.10,89.61,346.29,0.8855,-1,-1,-1
712,120,332.22,0.36,227.60,477.27,0.8948,-1,-1,-1
712,141,118.81,39.89,136.81,425.38,0.8869,-1,-1,-1
712,150,244.92,140.91,38.52,112.93,0.6085,-1,-1,-1
712,160,269.06,89.70,94.36,296.38,0.8236,-1,-1,-1
712,168,-11.99,48.29,92.68,365.63,0.7077,-1,-1,-1
713,120,341.90,0.53,230.25,476.31,0.9166,-1,-1,-1
713,141,115.93,37.89,137.62,428.99,0.9004,-1,-1,-1
713,150,243.81,141.37,37.15,109.24,0.6945,-1,-1,-1
713,160,265.72,87.67,93.48,294.05,0.8166,-1,-1,-1
713,168,-22.21,34.27,99.95,408.22,0.7371,-1,-1,-1
714,120,353.61,0.47,236.80,475.62,0.9015,-1,-1,-1
714,141,113.89,36.37,136.48,422.85,0.8968,-1,-1,-1
714,150,246.50,141.90,35.27,103.21,0.7459,-1,-1,-1
714,160,265.94,88.36,93.86,295.03,0.8158,-1,-1,-1
714,165,31.00,91.92,61.87,244.19,0.5793,-1,-1,-1
715,120,357.49,0.52,242.96,473.84,0.9130,-1,-1,-1
715,141,114.55,33.51,133.88,408.14,0.9022,-1,-1,-1
715,150,249.64,139.94,35.47,103.52,0.6351,-1,-1,-1
715,160,269.02,89.05,94.47,297.18,0.8309,-1,-1,-1
715,165,32.13,87.99,62.71,237.58,0.7634,-1,-1,-1
715,164,-0.59,88.43,68.47,258.62,0.7394,-1,-1,-1
716,120,359.27,0.35,249.25,475.25,0.8857,-1,-1,-1
716,141,113.11,33.93,135.40,404.99,0.8984,-1,-1,-1
716,150,253.89,141.30,35.11,102.14,0.6748,-1,-1,-1
716,160,270.93,90.76,96.98,305.48,0.8401,-1,-1,-1
716,165,30.56,85.50,67.77,249.66,0.8297,-1,-1,-1
716,164,-0.05,71.89,70.85,268.28,0.3829,-1,-1,-1
717,120,363.56,0.20,253.73,476.85,0.8714,-1,-1,-1
717,141,112.12,39.16,136.98,400.98,0.8878,-1,-1,-1
717,150,259.60,142.26,35.19,101.06,0.7287,-1,-1,-1
717,160,275.86,93.00,97.42,305.96,0.8474,-1,-1,-1
717,165,22.32,81.08,74.56,262.04,0.8884,-1,-1,-1
718,120,372.23,0.40,254.81,476.12,0.8972,-1,-1,-1
718,141,110.63,47.31,141.89,407.33,0.8917,-1,-1,-1
718,150,264.28,147.05,36.47,104.34,0.7652,-1,-1,-1
718,160,283.20,95.57,97.93,307.60,0.8125,-1,-1,-1
718,165,13.93,78.57,82.94,282.99,0.8838,-1,-1,-1
719,120,379.28,0.57,254.95,475.93,0.9051,-1,-1,-1
719,141,108.98,53.86,144.33,409.54,0.8880,-1,-1,-1
719,150,269.85,149.86,37.06,106.40,0.7071,-1,-1,-1
719,160,289.64,96.18,96.95,306.43,0.5796,-1,-1,-1
719,165,10.95,76.20,89.04,293.76,0.9004,-1,-1,-1
720,120,383.90,0.60,255.06,476.80,0.9164,-1,-1,-1
720,141,110.03,55.32,145.09,406.94,0.8886,-1,-1,-1
720,150,273.68,150.13,38.93,112.98,0.6706,-1,-1,-1
720,160,295.88,96.15,94.80,301.03,0.8466,-1,-1,-1
720,165,9.28,73.01,95.11,307.51,0.8962,-1,-1,-1
721,120,388.18,0.69,254.34,477.25,0.9261,-1,-1,-1
721,141,113.46,53.09,141.18,394.19,0.8912,-1,-1,-1
721,150,280.38,148.62,37.27,107.85,0.6122,-1,-1,-1
721,160,301.54,95.26,93.68,298.08,0.8501,-1,-1,-1
721,165,3.64,61.75,102.59,329.81,0.9202,-1,-1,-1
722,120,392.21,0.61,252.95,477.12,0.9253,-1,-1,-1
722,141,119.56,52.77,136.89,381.97,0.9016,-1,-1,-1
722,150,286.27,148.52,35.13,101.95,0.5995,-1,-1,-1
722,160,305.43,95.37,94.25,300.17,0.8776,-1,-1,-1
722,165,-0.05,53.01,107.37,345.33,0.9217,-1,-1,-1
722,170,244.60,153.93,44.38,128.64,0.5227,-1,-1,-1
723,120,392.40,0.77,252.71,478.47,0.9147,-1,-1,-1
723,141,127.69,53.25,136.09,383.13,0.8952,-1,-1,-1
723,150,292.45,152.04,34.15,99.61,0.6303,-1,-1,-1
723,160,311.41,98.46,94.84,303.67,0.6778,-1,-1,-1
723,165,-2.37,46.12,111.57,360.26,0.9252,-1,-1,-1
723,170,250.53,156.87,47.89,139.24,0.6098,-1,-1,-1
724,120,391.05,1.01,252.35,478.59,0.9033,-1,-1,-1
724,141,133.82,55.12,135.30,385.85,0.8978,-1,-1,-1
724,150,296.69,154.11,34.10,100.34,0.6612,-1,-1,-1
724,160,314.86,101.15,94.75,304.16,0.8461,-1,-1,-1
724,165,-4.51,38.84,114.79,373.64,0.9165,-1,-1,-1
724,170,248.96,160.19,51.87,150.87,0.5815,-1,-1,-1
725,120,392.17,0.93,251.76,479.00,0.8764,-1,-1,-1
725,141,138.30,56.36,134.84,390.86,0.8947,-1,-1,-1
725,150,299.64,153.08,34.13,101.44,0.4268,-1,-1,-1
725,160,315.86,100.26,95.24,304.99,0.8198,-1,-1,-1
725,165,-9.17,25.46,117.89,391.43,0.9011,-1,-1,-1
725,170,254.33,158.16,53.05,155.32,0.6965,-1,-1,-1
725,171,93.16,188.89,21.76,68.93,0.5546,-1,-1,-1
726,120,399.58,0.60,249.25,478.78,0.9232,-1,-1,-1
726,141,143.20,60.66,133.20,394.19,0.8776,-1,-1,-1
726,150,303.79,153.39,33.50,100.03,0.5472,-1,-1,-1
726,160,317.50,99.50,94.55,304.01,0.8232,-1,-1,-1
726,165,-14.37,11.80,120.65,412.54,0.8918,-1,-1,-1
726,170,259.03,156.76,52.44,154.76,0.7930,-1,-1,-1
726,171,93.70,189.27,21.90,69.00,0.7156,-1,-1,-1
727,120,399.89,0.38,247.79,478.70,0.9251,-1,-1,-1
727,141,147.88,61.16,130.47,393.82,0.8886,-1,-1,-1
727,150,306.07,151.10,32.29,97.51,0.4999,-1,-1,-1
727,160,318.02,95.59,93.27,300.95,0.8264,-1,-1,-1
727,165,-19.04,3.12,119.79,425.48,0.8778,-1,-1,-1
727,170,261.98,154.14,51.75,154.28,0.8132,-1,-1,-1
727,171,93.63,187.39,22.46,70.64,0.6394,-1,-1,-1
728,120,395.18,0.36,247.42,478.10,0.9283,-1,-1,-1
728,141,150.09,60.30,127.51,391.82,0.8867,-1,-1,-1
728,150,306.68,149.15,30.12,90.79,0.5175,-1,-1,-1
728,160,319.14,93.09,92.02,294.58,0.8062,-1,-1,-1
728,170,262.54,152.58,51.12,154.11,0.8363,-1,-1,-1
728,171,91.20,187.31,22.40,70.48,0.5425,-1,-1,-1
728,174,144.12,195.73,12.20,48.30,0.5440,-1,-1,-1
728,164,-17.64,37.03,93.99,394.65,0.7280,-1,-1,-1
729,120,390.45,0.52,247.48,476.40,0.9302,-1,-1,-1
729,141,152.57,57.93,122.62,381.56,0.8967,-1,-1,-1
729,150,306.24,148.98,28.16,85.28,0.5704,-1,-1,-1
729,160,316.40,90.70,92.66,297.15,0.8494,-1,-1,-1
729,170,262.78,152.39,50.15,152.64,0.8542,-1,-1,-1
729,171,85.55,186.32,22.72,71.12,0.5962,-1,-1,-1
729,174,142.03,195.81,11.90,46.88,0.5573,-1,-1,-1
730,120,385.05,0.52,249.15,476.62,0.9263,-1,-1,-1
730,141,154.91,61.44,118.04,370.41,0.9013,-1,-1,-1
730,150,306.28,154.26,27.83,84.13,0.4539,-1,-1,-1
730,160,315.10,96.69,93.41,300.13,0.8134,-1,-1,-1
730,170,263.54,158.04,49.22,151.04,0.8182,-1,-1,-1
730,171,84.17,190.72,22.83,71.67,0.5884,-1,-1,-1
731,120,381.52,0.59,250.87,476.61,0.9268,-1,-1,-1
731,141,156.38,66.25,116.71,368.52,0.9013,-1,-1,-1
731,150,308.39,159.19,27.89,82.84,0.4402,-1,-1,-1
731,160,314.37,100.13,95.60,308.06,0.8346,-1,-1,-1
731,170,265.07,163.04,47.69,147.94,0.7877,-1,-1,-1
731,171,82.55,193.24,23.86,74.64,0.6459,-1,-1,-1
732,120,380.32,0.53,252.26,476.46,0.9189,-1,-1,-1
732,141,153.69,71.72,117.63,371.83,0.9002,-1,-1,-1
732,150,309.01,162.36,28.70,84.15,0.4093,-1,-1,-1
732,160,314.56,106.86,95.65,308.65,0.8605,-1,-1,-1
732,170,266.24,165.13,46.23,144.91,0.7782,-1,-1,-1
732,171,78.41,194.22,24.75,76.75,0.6470,-1,-1,-1
732,175,120.80,205.59,15.65,49.43,0.5413,-1,-1,-1
733,120,382.71,0.70,252.94,476.86,0.9095,-1,-1,-1
733,141,147.82,80.19,118.46,375.37,0.8711,-1,-1,-1
733,150,310.73,164.17,29.75,87.66,0.3410,-1,-1,-1
733,160,314.51,110.34,94.94,307.55,0.8630,-1,-1,-1
733,170,265.28,165.73,45.29,143.08,0.7992,-1,-1,-1
733,171,70.65,194.60,26.17,79.81,0.6059,-1,-1,-1
733,175,116.70,203.95,16.96,53.16,0.3600,-1,-1,-1
734,120,386.26,0.70,252.92,477.35,0.9101,-1,-1,-1
734,141,140.75,88.06,118.69,376.74,0.8832,-1,-1,-1
734,160,314.80,115.04,93.51,303.80,0.8352,-1,-1,-1
734,170,265.66,169.11,43.37,137.32,0.7529,-1,-1,-1
734,171,65.32,199.59,26.59,79.43,0.6115,-1,-1,-1
735,120,390.02,0.53,252.29,477.96,0.9140,-1,-1,-1
735,141,134.13,86.79,118.40,374.61,0.8492,-1,-1,-1
735,160,316.16,111.27,91.04,295.65,0.8269,-1,-1,-1
735,170,265.11,166.97,43.89,139.63,0.7550,-1,-1,-1
735,171,61.25,197.03,27.36,80.97,0.6094,-1,-1,-1
736,120,392.99,0.45,250.96,477.73,0.8931,-1,-1,-1
736,141,142.77,82.29,114.71,365.37,0.8249,-1,-1,-1
736,160,315.90,106.80,90.79,294.98,0.8301,-1,-1,-1
736,170,264.08,166.05,43.93,140.58,0.7888,-1,-1,-1
736,171,57.86,193.68,28.01,82.27,0.5817,-1,-1,-1
737,120,395.32,0.29,248.99,476.04,0.9134,-1,-1,-1
737,141,146.36,77.66,110.64,351.96,0.8490,-1,-1,-1
737,160,314.88,106.39,91.15,296.68,0.8279,-1,-1,-1
737,170,261.63,166.13,44.26,142.04,0.7946,-1,-1,-1
737,171,50.30,190.94,28.75,83.87,0.6170,-1,-1,-1
737,177,111.74,138.73,52.29,182.59,0.8012,-1,-1,-1
738,120,395.98,0.58,248.07,476.10,0.9189,-1,-1,-1
738,141,145.05,75.29,110.15,350.58,0.8390,-1,-1,-1
738,160,313.91,108.04,91.67,298.26,0.8234,-1,-1,-1
738,170,259.44,165.10,44.79,143.72,0.7887,-1,-1,-1
738,171,44.72,187.64,29.61,85.72,0.7076,-1,-1,-1
738,177,106.20,135.23,54.24,189.45,0.7934,-1,-1,-1
739,120,395.56,0.58,247.66,476.59,0.9141,-1,-1,-1
739,141,140.48,76.00,109.73,353.01,0.8661,-1,-1,-1
739,160,311.22,110.42,92.36,300.66,0.8409,-1,-1,-1
739,170,257.34,163.91,45.16,143.74,0.7621,-1,-1,-1
739,171,38.14,185.73,30.24,87.38,0.6077,-1,-1,-1
739,177,97.35,132.21,56.16,195.61,0.8093,-1,-1,-1
740,120,394.34,0.92,247.47,476.71,0.9144,-1,-1,-1
740,141,139.99,81.56,109.75,355.16,0.8775,-1,-1,-1
740,160,310.28,111.67,92.29,300.85,0.8469,-1,-1,-1
740,170,258.32,162.80,46.08,144.07,0.7522,-1,-1,-1
740,171,32.64,184.11,31.20,89.34,0.7123,-1,-1,-1
740,177,87.85,130.57,60.12,208.56,0.8337,-1,-1,-1
741,120,391.62,1.03,248.13,477.39,0.8986,-1,-1,-1
741,141,139.95,84.32,109.15,355.83,0.8789,-1,-1,-1
741,160,307.84,108.32,92.95,302.72,0.8238,-1,-1,-1
741,170,258.02,161.11,46.73,144.31,0.7427,-1,-1,-1
741,171,27.57,181.07,31.94,90.97,0.6871,-1,-1,-1
741,177,82.34,124.53,63.16,216.95,0.8391,-1,-1,-1
742,120,393.52,0.96,248.05,478.53,0.9148,-1,-1,-1
742,141,140.56,87.63,106.68,349.09,0.8837,-1,-1,-1
742,160,307.48,106.16,90.96,296.46,0.8308,-1,-1,-1
742,170,259.67,161.16,46.50,143.43,0.7660,-1,-1,-1
742,171,23.12,179.57,32.27,92.49,0.6921,-1,-1,-1
742,177,76.91,117.35,66.64,227.04,0.8039,-1,-1,-1
742,179,236.76,152.45,30.74,137.97,0.5307,-1,-1,-1
743,120,394.39,1.05,247.45,478.84,0.9028,-1,-1,-1
743,141,139.09,86.49,106.32,347.68,0.8710,-1,-1,-1
743,160,308.34,105.33,87.97,288.38,0.8061,-1,-1,-1
743,170,260.28,161.18,46.44,142.75,0.7626,-1,-1,-1
743,171,15.97,177.05,32.50,92.81,0.6172,-1,-1,-1
743,177,63.32,107.74,71.42,238.03,0.6873,-1,-1,-1
743,179,237.09,152.53,30.71,137.78,0.5907,-1,-1,-1
744,120,388.97,0.56,246.56,478.70,0.8927,-1,-1,-1
744,141,145.90,84.30,102.53,337.04,0.8639,-1,-1,-1
744,160,306.45,104.26,88.44,290.59,0.8315,-1,-1,-1
744,170,261.07,161.66,46.85,142.07,0.7107,-1,-1,-1
744,171,10.33,174.32,33.84,96.24,0.6039,-1,-1,-1
744,177,52.54,99.49,76.48,251.16,0.8556,-1,-1,-1
744,179,238.00,150.20,31.64,141.96,0.5762,-1,-1,-1
745,120,391.80,0.29,244.74,478.20,0.9241,-1,-1,-1
745,141,151.40,80.98,99.29,327.82,0.8715,-1,-1,-1
745,160,308.27,101.12,90.48,296.53,0.8308,-1,-1,-1
745,170,264.44,159.96,46.06,139.38,0.6853,-1,-1,-1
745,171,3.57,172.31,41.43,120.69,0.3438,-1,-1,-1
745,177,35.84,94.59,82.60,263.74,0.8609,-1,-1,-1
745,179,241.07,148.97,31.53,141.58,0.6153,-1,-1,-1
745,181,121.83,134.12,47.90,174.95,0.7047,-1,-1,-1
746,120,391.82,0.36,245.05,478.49,0.9070,-1,-1,-1
746,141,157.16,82.29,99.03,327.84,0.8748,-1,-1,-1
746,160,312.44,136.70,83.07,267.07,0.7880,-1,-1,-1
746,170,269.24,159.05,46.38,139.17,0.5444,-1,-1,-1
746,177,17.29,90.92,90.59,283.76,0.8704,-1,-1,-1
746,179,246.72,152.44,30.00,134.84,0.5156,-1,-1,-1
746,181,119.78,131.86,50.11,182.16,0.8577,-1,-1,-1
747,120,391.96,0.33,245.17,477.87,0.8958,-1,-1,-1
747,141,161.18,83.32,99.34,329.52,0.8695,-1,-1,-1
747,160,311.61,117.40,90.10,289.88,0.8522,-1,-1,-1
747,170,269.94,158.31,47.16,139.52,0.6905,-1,-1,-1
747,177,7.26,85.35,96.50,298.57,0.8907,-1,-1,-1
747,179,250.52,153.09,28.62,128.79,0.3073,-1,-1,-1
747,181,118.04,127.89,52.58,190.00,0.8143,-1,-1,-1
748,120,392.46,0.32,245.20,477.15,0.9182,-1,-1,-1
748,141,164.27,87.05,100.32,332.34,0.8671,-1,-1,-1
748,160,313.27,111.35,92.04,297.16,0.8376,-1,-1,-1
748,170,272.23,159.70,47.79,140.04,0.6604,-1,-1,-1
748,177,-3.44,77.03,100.74,314.06,0.8873,-1,-1,-1
748,179,255.09,153.89,24.98,109.79,0.4520,-1,-1,-1
748,181,116.27,124.55,54.94,197.69,0.8248,-1,-1,-1
749,120,393.27,0.39,245.50,477.63,0.9216,-1,-1,-1
749,141,165.65,91.93,101.44,335.16,0.8559,-1,-1,-1
749,160,317.25,109.78,92.58,298.52,0.7947,-1,-1,-1
749,170,275.26,164.49,47.83,138.49,0.6499,-1,-1,-1
749,177,-10.91,67.11,103.79,329.27,0.8910,-1,-1,-1
749,179,255.77,155.49,30.25,130.92,0.5089,-1,-1,-1
749,181,112.57,121.40,57.97,207.38,0.8597,-1,-1,-1
750,120,398.16,0.69,244.28,477.22,0.9138,-1,-1,-1
750,141,170.97,92.71,100.34,330.02,0.8716,-1,-1,-1
750,160,323.01,107.09,90.37,291.56,0.8413,-1,-1,-1
750,170,281.52,164.64,48.47,138.90,0.7167,-1,-1,-1
750,177,-17.99,52.70,109.81,358.48,0.8683,-1,-1,-1
750,179,259.97,154.17,32.06,136.61,0.6300,-1,-1,-1
750,181,110.00,115.43,60.64,215.61,0.8609,-1,-1,-1
751,120,403.48,1.02,242.92,478.26,0.9109,-1,-1,-1
751,141,173.17,90.10,97.61,325.50,0.8299,-1,-1,-1
751,160,330.56,100.69,89.89,290.92,0.8020,-1,-1,-1
751,170,289.33,161.76,47.53,135.10,0.7352,-1,-1,-1
751,177,-21.32,38.25,109.50,369.24,0.7760,-1,-1,-1
751,179,265.78,149.33,33.83,141.37,0.7272,-1,-1,-1
751,181,109.44,108.06,63.60,222.29,0.8683,-1,-1,-1
752,120,407.62,0.92,240.63,477.74,0.9181,-1,-1,-1
752,141,184.70,87.17,94.14,311.00,0.8927,-1,-1,-1
752,160,334.96,100.32,90.71,293.78,0.8463,-1,-1,-1
752,170,296.78,160.83,46.15,129.08,0.6204,-1,-1,-1
752,177,-21.23,15.58,112.68,391.12,0.7358,-1,-1,-1
752,179,272.37,147.68,33.37,136.53,0.6895,-1,-1,-1
752,181,105.51,100.94,67.88,232.83,0.8732,-1,-1,-1
753,120,407.05,0.85,239.58,478.01,0.9175,-1,-1,-1
753,141,189.11,84.54,93.97,308.44,0.8964,-1,-1,-1
753,160,339.33,101.58,91.63,296.16,0.8253,-1,-1,-1
753,170,303.54,159.49,45.41,126.06,0.4401,-1,-1,-1
753,177,-15.33,49.63,100.67,354.92,0.4421,-1,-1,-1
753,179,277.59,149.52,32.63,130.72,0.7602,-1,-1,-1
753,181,100.87,95.26,72.57,244.53,0.8760,-1,-1,-1
754,120,407.18,1.14,238.59,478.33,0.9170,-1,-1,-1
754,141,195.18,84.24,95.14,311.36,0.8752,-1,-1,-1
754,160,344.50,104.43,92.54,298.87,0.7776,-1,-1,-1
754,170,316.39,159.98,40.30,111.66,0.4926,-1,-1,-1
754,179,284.23,149.32,34.17,135.14,0.7254,-1,-1,-1
754,181,91.49,90.36,79.42,261.45,0.8934,-1,-1,-1
755,120,413.49,1.73,235.84,477.84,0.9132,-1,-1,-1
755,141,200.27,85.54,95.03,311.99,0.8680,-1,-1,-1
755,160,347.72,103.53,92.49,298.45,0.8358,-1,-1,-1
755,170,324.02,160.77,38.45,107.51,0.4144,-1,-1,-1
755,179,288.46,151.31,34.25,133.02,0.7343,-1,-1,-1
755,181,84.59,85.07,84.60,272.28,0.9013,-1,-1,-1
756,120,430.72,1.89,229.97,477.76,0.9046,-1,-1,-1
756,141,206.88,88.39,95.10,314.46,0.8665,-1,-1,-1
756,160,349.40,100.20,94.46,304.09,0.7098,-1,-1,-1
756,170,328.67,161.39,39.06,109.84,0.3900,-1,-1,-1
756,179,292.89,151.53,34.36,133.11,0.7325,-1,-1,-1
756,181,77.13,79.49,91.75,290.77,0.9019,-1,-1,-1
756,182,36.73,170.27,37.40,87.17,0.5810,-1,-1,-1
757,120,447.41,1.33,222.37,477.36,0.8990,-1,-1,-1
757,141,209.40,89.80,95.18,313.25,0.8620,-1,-1,-1
757,160,352.10,96.51,94.01,302.51,0.8005,-1,-1,-1
757,170,330.15,159.48,39.57,111.74,0.3950,-1,-1,-1
757,179,297.58,149.73,34.21,131.60,0.7432,-1,-1,-1
757,181,67.23,69.12,98.60,309.02,0.8918,-1,-1,-1
757,182,38.17,167.89,38.84,90.80,0.3214,-1,-1,-1
757,183,-2.46,154.36,28.33,123.93,0.6022,-1,-1,-1
758,141,214.04,87.45,94.96,314.56,0.8683,-1,-1,-1
758,160,352.35,93.63,93.51,299.32,0.7836,-1,-1,-1
758,170,327.91,158.45,40.61,112.81,0.3655,-1,-1,-1
758,179,299.80,147.24,33.63,130.30,0.5493,-1,-1,-1
758,181,54.55,55.56,105.45,328.16,0.8994,-1,-1,-1
759,141,212.43,87.65,93.47,304.98,0.8737,-1,-1,-1
759,160,353.39,94.46,93.60,298.60,0.7820,-1,-1,-1
759,179,303.01,148.82,34.11,132.34,0.5954,-1,-1,-1
759,181,36.65,43.56,113.28,347.49,0.9100,-1,-1,-1
760,141,210.16,84.47,93.96,300.80,0.8690,-1,-1,-1
760,160,352.31,92.38,95.23,302.48,0.8157,-1,-1,-1
760,179,304.93,146.43,33.82,131.80,0.5633,-1,-1,-1
760,181,16.30,29.63,121.19,367.08,0.9174,-1,-1,-1
760,120,461.01,3.12,213.19,476.05,0.5803,-1,-1,-1
761,141,212.29,82.68,95.28,300.91,0.8702,-1,-1,-1
761,160,352.47,94.35,96.31,305.42,0.8525,-1,-1,-1
761,179,308.91,151.49,32.22,125.26,0.5042,-1,-1,-1
761,181,0.34,14.16,126.82,387.30,0.9314,-1,-1,-1
761,185,131.53,179.98,22.74,68.26,0.6497,-1,-1,-1
761,186,178.23,160.56,45.37,121.56,0.5932,-1,-1,-1
761,120,469.64,1.78,205.00,476.92,0.8353,-1,-1,-1
762,141,203.21,80.42,99.94,304.01,0.8691,-1,-1,-1
762,160,353.68,94.12,96.75,307.39,0.8558,-1,-1,-1
762,179,309.69,148.18,31.70,125.11,0.6123,-1,-1,-1
762,181,-10.46,2.68,129.07,402.15,0.9147,-1,-1,-1
762,185,130.46,176.73,23.17,69.39,0.6015,-1,-1,-1
762,186,174.61,156.37,45.23,121.51,0.6102,-1,-1,-1
762,120,469.58,1.38,199.37,478.19,0.8897,-1,-1,-1
763,141,201.97,77.24,103.10,306.34,0.8897,-1,-1,-1
763,160,354.32,87.70,96.11,305.81,0.8545,-1,-1,-1
763,179,309.59,140.12,30.77,121.61,0.5861,-1,-1,-1
763,181,-17.03,13.97,122.42,392.86,0.8858,-1,-1,-1
763,185,126.50,168.33,23.91,71.52,0.6715,-1,-1,-1
763,186,165.18,145.58,46.29,125.09,0.6870,-1,-1,-1
763,120,460.15,1.52,197.01,478.36,0.8769,-1,-1,-1
763,187,83.61,162.51,36.29,83.47,0.7076,-1,-1,-1
763,182,50.24,150.70,40.06,94.69,0.5823,-1,-1,-1
764,141,208.50,80.66,104.24,307.76,0.8786,-1,-1,-1
764,160,357.04,88.87,94.00,299.88,0.8285,-1,-1,-1
764,179,310.57,139.57,30.90,121.54,0.6086,-1,-1,-1
764,181,-24.35,18.60,118.11,396.04,0.7995,-1,-1,-1
764,185,125.00,168.85,24.01,71.68,0.6330,-1,-1,-1
764,186,159.00,146.77,45.99,124.96,0.7258,-1,-1,-1
764,120,457.71,1.09,189.21,460.23,0.7884,-1,-1,-1
764,187,84.38,163.21,37.40,85.99,0.6895,-1,-1,-1
764,182,53.25,155.16,39.61,93.23,0.4989,-1,-1,-1
765,141,215.68,84.88,103.48,304.84,0.8756,-1,-1,-1
765,160,360.78,90.96,92.82,295.24,0.8495,-1,-1,-1
765,179,312.56,143.05,30.94,120.12,0.6781,-1,-1,-1
765,185,124.68,172.93,24.38,72.84,0.6320,-1,-1,-1
765,186,150.43,151.97,46.34,125.21,0.7887,-1,-1,-1
765,120,454.11,1.26,192.48,471.96,0.8616,-1,-1,-1
765,187,89.27,167.60,37.28,86.14,0.6545,-1,-1,-1
765,182,58.84,158.62,40.57,95.49,0.6541,-1,-1,-1
765,188,197.67,154.71,33.66,115.14,0.6044,-1,-1,-1
766,141,220.54,85.87,102.61,304.11,0.8897,-1,-1,-1
766,160,361.62,91.63,92.43,293.51,0.7676,-1,-1,-1
766,179,311.53,146.09,30.90,120.34,0.6250,-1,-1,-1
766,185,122.64,174.09,24.71,74.01,0.6199,-1,-1,-1
766,186,143.62,153.61,47.37,126.99,0.8329,-1,-1,-1
766,120,452.76,1.25,192.98,476.31,0.8785,-1,-1,-1
766,187,90.49,167.59,38.16,89.02,0.6897,-1,-1,-1
766,182,61.35,162.41,40.19,94.81,0.6267,-1,-1,-1
766,188,197.80,155.76,34.63,118.51,0.6893,-1,-1,-1
767,141,224.19,82.15,98.67,294.92,0.8882,-1,-1,-1
767,160,358.74,91.24,93.66,296.27,0.7946,-1,-1,-1
767,179,312.44,146.85,30.97,119.52,0.4052,-1,-1,-1
767,186,134.34,153.91,47.97,126.83,0.8246,-1,-1,-1
767,120,452.80,1.30,192.27,477.44,0.9012,-1,-1,-1
767,187,87.82,165.98,38.17,90.39,0.4919,-1,-1,-1
767,182,57.88,160.98,40.32,96.21,0.6079,-1,-1,-1
767,188,192.12,152.47,36.39,124.08,0.8009,-1,-1,-1
768,141,224.38,81.88,96.73,291.17,0.8781,-1,-1,-1
768,160,354.97,93.21,95.39,301.14,0.7889,-1,-1,-1
768,186,126.05,156.32,48.45,126.41,0.8013,-1,-1,-1
768,120,452.92,1.30,191.60,478.37,0.8853,-1,-1,-1
768,187,88.77,165.94,38.73,92.22,0.4582,-1,-1,-1
768,182,52.61,161.30,40.57,97.90,0.6304,-1,-1,-1
768,188,188.00,154.15,37.37,126.82,0.8359,-1,-1,-1
769,141,223.91,82.99,96.54,293.29,0.8834,-1,-1,-1
769,160,352.59,96.39,96.00,303.70,0.7860,-1,-1,-1
769,186,116.28,155.36,49.11,128.86,0.7337,-1,-1,-1
769,120,455.62,1.77,190.04,478.24,0.8713,-1,-1,-1
769,187,85.73,166.91,38.44,92.73,0.4928,-1,-1,-1
769,182,51.09,161.11,40.35,99.57,0.6622,-1,-1,-1
769,188,185.93,154.58,38.63,130.09,0.8511,-1,-1,-1
770,141,224.21,83.98,96.83,295.74,0.8878,-1,-1,-1
770,160,351.11,95.00,96.40,305.20,0.7881,-1,-1,-1
770,186,108.43,153.81,48.78,129.49,0.5490,-1,-1,-1
770,120,462.14,1.36,187.40,478.38,0.8335,-1,-1,-1
770,187,82.91,165.66,38.04,93.81,0.4093,-1,-1,-1
770,182,51.14,160.73,40.27,100.53,0.6276,-1,-1,-1
770,188,183.49,153.33,39.84,132.78,0.8408,-1,-1,-1
771,141,221.07,87.80,97.28,298.69,0.8731,-1,-1,-1
771,160,347.37,93.86,95.24,303.24,0.8294,-1,-1,-1
771,186,97.28,152.75,48.96,132.58,0.5528,-1,-1,-1
771,120,475.84,0.95,181.38,475.33,0.8518,-1,-1,-1
771,187,79.09,163.06,38.90,97.17,0.4974,-1,-1,-1
771,182,47.96,159.92,40.67,102.61,0.6868,-1,-1,-1
771,188,174.66,150.69,42.11,138.63,0.8298,-1,-1,-1
772,141,216.05,89.22,97.27,297.62,0.8952,-1,-1,-1
772,160,344.31,93.00,93.08,297.06,0.8171,-1,-1,-1
772,186,85.32,151.84,49.28,133.33,0.7168,-1,-1,-1
772,120,478.57,0.30,177.87,475.20,0.8111,-1,-1,-1
772,182,45.54,157.33,40.90,103.99,0.6339,-1,-1,-1
772,188,168.71,146.52,43.59,141.56,0.8314,-1,-1,-1
773,141,214.66,89.53,96.54,294.82,0.8925,-1,-1,-1
773,160,341.47,89.21,92.33,293.08,0.8604,-1,-1,-1
773,186,73.81,151.42,49.09,133.18,0.7890,-1,-1,-1
773,120,480.15,0.06,174.74,474.89,0.7822,-1,-1,-1
773,182,43.18,155.98,40.58,103.68,0.6626,-1,-1,-1
773,188,159.09,141.87,46.21,146.40,0.8454,-1,-1,-1
774,141,217.81,88.30,94.74,289.34,0.8911,-1,-1,-1
774,160,338.41,88.08,93.06,294.10,0.8504,-1,-1,-1
774,186,65.73,150.51,49.51,134.36,0.6661,-1,-1,-1
774,120,482.19,3.08,171.38,473.23,0.8451,-1,-1,-1
774,182,44.54,157.41,38.23,97.20,0.4199,-1,-1,-1
774,188,155.07,137.86,48.48,152.90,0.8336,-1,-1,-1
775,141,218.78,87.58,92.86,281.08,0.8734,-1,-1,-1
775,160,337.33,88.12,94.27,298.09,0.7957,-1,-1,-1
775,186,61.11,152.57,48.65,133.63,0.4781,-1,-1,-1
775,120,461.25,13.34,158.64,446.98,0.7887,-1,-1,-1
775,182,42.59,155.70,41.30,105.88,0.4440,-1,-1,-1
775,188,152.05,137.50,50.33,158.37,0.8539,-1,-1,-1
776,141,217.83,87.91,93.54,279.92,0.8759,-1,-1,-1
776,160,337.04,92.00,94.93,301.10,0.8507,-1,-1,-1
776,186,47.71,152.13,49.49,135.28,0.6142,-1,-1,-1
776,120,476.98,4.74,163.60,468.17,0.8021,-1,-1,-1
776,188,146.85,138.17,51.70,161.89,0.8230,-1,-1,-1
776,187,87.78,172.31,36.70,92.17,0.6757,-1,-1,-1
777,141,215.99,90.32,94.87,279.89,0.8754,-1,-1,-1
777,160,335.81,94.39,94.83,301.94,0.8432,-1,-1,-1
777,186,39.06,151.21,50.58,137.94,0.5961,-1,-1,-1
777,120,482.73,1.69,164.05,475.77,0.7787,-1,-1,-1
777,188,142.58,137.73,53.31,166.67,0.8225,-1,-1,-1
777,189,406.22,30.40,162.52,409.49,0.7582,-1,-1,-1
777,187,90.18,171.42,36.52,93.34,0.6623,-1,-1,-1
778,141,216.15,95.35,97.10,281.36,0.8375,-1,-1,-1
778,160,337.90,95.61,94.04,301.38,0.8534,-1,-1,-1
778,186,30.57,152.29,52.04,139.39,0.7983,-1,-1,-1
778,120,493.58,0.51,160.35,476.25,0.7306,-1,-1,-1
778,188,136.49,135.31,56.25,174.01,0.8301,-1,-1,-1
778,189,402.58,27.34,166.70,420.61,0.8357,-1,-1,-1
778,187,91.93,167.47,38.69,98.90,0.6739,-1,-1,-1
779,141,227.60,103.27,96.15,279.24,0.8142,-1,-1,-1
779,160,346.61,97.41,87.64,279.46,0.6228,-1,-1,-1
779,186,24.91,155.85,52.58,139.04,0.8344,-1,-1,-1
779,120,495.76,3.54,157.32,475.45,0.7734,-1,-1,-1
779,188,135.85,133.67,58.50,180.90,0.8356,-1,-1,-1
779,189,400.17,26.17,175.74,445.80,0.8538,-1,-1,-1
779,187,98.72,168.29,38.53,101.11,0.7602,-1,-1,-1
779,190,205.60,140.87,52.89,178.53,0.7213,-1,-1,-1
780,141,233.74,106.51,94.58,274.95,0.8387,-1,-1,-1
780,160,348.88,96.24,88.51,283.36,0.5688,-1,-1,-1
780,186,21.00,156.41,53.70,139.70,0.7970,-1,-1,-1
780,120,491.63,1.97,156.87,477.85,0.8530,-1,-1,-1
780,188,133.62,130.85,60.69,185.69,0.8558,-1,-1,-1
780,189,393.53,21.78,176.63,453.61,0.7414,-1,-1,-1
780,187,103.08,167.37,38.75,103.96,0.7846,-1,-1,-1
780,190,207.29,137.08,54.97,186.14,0.7475,-1,-1,-1
780,191,73.01,160.86,29.15,111.25,0.6269,-1,-1,-1
781,141,238.20,104.68,92.91,269.69,0.8506,-1,-1,-1
781,160,344.27,90.13,105.16,345.47,0.3393,-1,-1,-1
781,186,17.70,154.69,54.90,141.52,0.7575,-1,-1,-1
781,120,480.04,1.70,158.27,477.23,0.8815,-1,-1,-1
781,188,129.15,126.95,64.30,195.33,0.8483,-1,-1,-1
781,189,375.37,17.43,176.30,457.52,0.7426,-1,-1,-1
781,187,104.57,166.07,37.43,104.14,0.6567,-1,-1,-1
781,190,205.91,131.11,58.08,197.70,0.7598,-1,-1,-1
781,191,74.87,160.18,29.82,112.82,0.6690,-1,-1,-1
782,141,242.45,103.99,91.10,265.21,0.8662,-1,-1,-1
782,186,12.54,152.96,55.97,143.96,0.8251,-1,-1,-1
782,120,469.04,1.82,161.43,477.94,0.8590,-1,-1,-1
782,188,122.21,125.58,67.45,200.92,0.8544,-1,-1,-1
782,189,366.19,22.95,168.55,445.50,0.6725,-1,-1,-1
782,187,105.60,167.75,35.52,102.48,0.3540,-1,-1,-1
782,190,201.70,126.31,60.49,206.12,0.8035,-1,-1,-1
782,191,78.50,160.05,30.55,113.86,0.7204,-1,-1,-1
783,141,247.58,104.15,88.14,258.99,0.8780,-1,-1,-1
783,186,6.65,151.55,56.14,145.71,0.7800,-1,-1,-1
783,120,464.93,1.64,163.98,478.25,0.7669,-1,-1,-1
783,188,116.25,124.72,71.21,208.90,0.8766,-1,-1,-1
783,189,363.12,26.76,165.26,445.50,0.6799,-1,-1,-1
783,190,199.21,122.16,62.27,212.60,0.8241,-1,-1,-1
783,191,81.76,160.95,31.19,114.20,0.7132,-1,-1,-1
784,141,252.36,106.80,86.26,256.37,0.8734,-1,-1,-1
784,186,3.05,152.38,56.21,147.97,0.7225,-1,-1,-1
784,120,464.48,1.25,165.70,478.14,0.8213,-1,-1,-1
784,188,109.92,123.09,74.55,217.93,0.8514,-1,-1,-1
784,189,348.49,31.27,157.02,427.26,0.7996,-1,-1,-1
784,190,196.51,119.92,64.43,219.45,0.8474,-1,-1,-1
784,191,81.66,159.16,32.63,118.49,0.6716,-1,-1,-1
785,141,251.74,109.18,84.85,256.44,0.8594,-1,-1,-1
785,186,-5.51,155.19,54.26,146.87,0.6694,-1,-1,-1
785,120,470.54,1.32,159.42,454.00,0.6834,-1,-1,-1
785,188,97.93,117.98,78.97,229.01,0.8836,-1,-1,-1
785,189,340.53,32.49,159.63,439.52,0.8155,-1,-1,-1
785,190,188.75,115.78,67.95,229.33,0.8657,-1,-1,-1
786,141,250.41,115.45,82.25,251.11,0.8585,-1,-1,-1
786,120,478.05,1.12,157.42,447.70,0.6983,-1,-1,-1
786,188,80.15,111.59,83.73,238.39,0.8669,-1,-1,-1
786,189,336.75,34.20,153.77,427.09,0.5779,-1,-1,-1
786,190,174.60,113.26,72.03,240.24,0.8595,-1,-1,-1
786,183,-3.13,157.88,31.18,145.18,0.5806,-1,-1,-1
787,141,250.58,119.40,80.17,247.83,0.8670,-1,-1,-1
787,120,482.94,0.75,161.80,466.27,0.6920,-1,-1,-1
787,188,65.45,106.81,88.05,246.67,0.8493,-1,-1,-1
787,189,340.25,34.14,153.35,423.54,0.7760,-1,-1,-1
787,190,163.73,111.57,75.76,248.69,0.8752,-1,-1,-1
787,183,-3.66,159.41,28.68,144.00,0.4133,-1,-1,-1
788,141,250.22,119.99,79.54,248.30,0.8296,-1,-1,-1
788,120,488.15,0.47,161.49,473.14,0.7230,-1,-1,-1
788,188,49.16,101.56,94.85,262.25,0.8611,-1,-1,-1
788,189,343.85,34.26,158.44,429.96,0.8444,-1,-1,-1
788,190,149.98,106.92,82.38,266.96,0.8488,-1,-1,-1
789,141,249.01,118.96,76.96,241.66,0.8372,-1,-1,-1
789,120,490.36,0.93,159.92,475.19,0.8182,-1,-1,-1
789,188,29.77,98.22,101.14,275.35,0.8860,-1,-1,-1
789,189,386.56,30.16,154.20,430.17,0.7556,-1,-1,-1
789,190,134.82,101.65,87.77,284.03,0.8426,-1,-1,-1
789,160,319.32,49.01,127.59,426.61,0.6937,-1,-1,-1
790,141,245.50,121.26,75.30,234.97,0.8173,-1,-1,-1
790,120,494.20,1.37,150.86,449.67,0.7144,-1,-1,-1
790,188,10.24,96.55,108.07,293.71,0.8844,-1,-1,-1
790,189,404.23,34.91,149.18,428.01,0.7757,-1,-1,-1
790,190,120.30,95.67,92.46,301.70,0.8757,-1,-1,-1
790,160,327.85,48.30,134.84,431.47,0.8287,-1,-1,-1
791,141,239.87,123.56,74.54,229.51,0.8097,-1,-1,-1
791,120,488.79,0.89,156.10,468.43,0.8337,-1,-1,-1
791,188,-1.68,91.66,115.77,316.53,0.8881,-1,-1,-1
791,189,409.88,40.72,145.33,428.10,0.7950,-1,-1,-1
791,190,105.71,88.03,96.36,316.16,0.8661,-1,-1,-1
791,160,320.44,53.22,135.35,426.99,0.8423,-1,-1,-1
792,141,233.00,128.52,77.14,235.77,0.7870,-1,-1,-1
792,120,488.75,3.10,156.08,471.50,0.7421,-1,-1,-1
792,188,-13.38,84.33,119.41,335.45,0.8759,-1,-1,-1
792,189,408.52,47.10,141.78,425.01,0.8233,-1,-1,-1
792,190,86.08,81.63,102.21,334.49,0.8885,-1,-1,-1
792,160,317.37,58.98,135.90,420.78,0.7619,-1,-1,-1
792,193,195.85,194.03,26.21,88.51,0.6554,-1,-1,-1
793,141,226.04,129.92,79.45,239.70,0.7209,-1,-1,-1
793,120,493.48,2.36,155.05,475.40,0.8545,-1,-1,-1
793,188,-22.83,69.71,121.15,354.36,0.8356,-1,-1,-1
793,189,410.54,44.99,134.41,406.31,0.8426,-1,-1,-1
793,190,49.34,71.09,114.39,363.88,0.8861,-1,-1,-1
793,160,322.38,59.35,137.40,403.39,0.6981,-1,-1,-1
793,193,189.87,193.09,25.96,87.44,0.4388,-1,-1,-1
794,141,222.66,126.56,78.76,236.09,0.7994,-1,-1,-1
794,120,500.59,2.19,152.18,476.71,0.8624,-1,-1,-1
794,188,-28.67,70.70,115.39,355.07,0.7249,-1,-1,-1
794,189,407.05,35.39,135.08,408.99,0.8679,-1,-1,-1
794,190,22.45,55.11,124.53,388.21,0.8853,-1,-1,-1
794,160,304.45,54.02,132.96,391.16,0.6651,-1,-1,-1
794,193,183.80,182.41,27.10,90.87,0.5679,-1,-1,-1
795,141,221.85,126.73,73.74,218.96,0.7973,-1,-1,-1
795,120,503.71,1.28,149.41,476.86,0.7903,-1,-1,-1
795,189,403.36,33.39,133.79,405.77,0.8396,-1,-1,-1
795,190,-0.69,38.62,135.66,427.50,0.8590,-1,-1,-1
795,160,296.95,57.79,132.53,389.77,0.8345,-1,-1,-1
795,193,179.89,180.12,28.71,94.16,0.6751,-1,-1,-1
795,187,127.61,171.77,34.28,99.41,0.7748,-1,-1,-1
796,141,220.65,128.64,74.08,218.57,0.8279,-1,-1,-1
796,120,508.80,0.92,145.99,476.64,0.7078,-1,-1,-1
796,189,404.55,38.05,132.72,405.43,0.8704,-1,-1,-1
796,190,-12.82,25.09,137.56,441.73,0.6842,-1,-1,-1
796,160,304.15,64.17,136.95,390.42,0.6589,-1,-1,-1
796,193,178.21,182.40,29.65,95.47,0.3711,-1,-1,-1
796,187,126.16,175.19,35.08,99.51,0.7288,-1,-1,-1
797,141,222.35,123.68,74.13,221.00,0.8223,-1,-1,-1
797,120,517.77,1.46,141.04,475.32,0.7933,-1,-1,-1
797,189,401.33,36.94,132.95,408.51,0.8409,-1,-1,-1
797,190,-23.58,7.09,133.72,445.01,0.4557,-1,-1,-1
797,160,288.10,63.96,137.01,394.08,0.6521,-1,-1,-1
797,193,170.11,180.99,29.68,96.29,0.6544,-1,-1,-1
797,187,119.61,172.34,37.02,100.63,0.7061,-1,-1,-1
797,185,70.03,162.12,36.26,118.55,0.5688,-1,-1,-1
798,141,223.12,121.78,74.21,224.45,0.8258,-1,-1,-1
798,120,510.84,0.84,140.13,476.85,0.8714,-1,-1,-1
798,189,400.53,37.82,133.12,413.01,0.8138,-1,-1,-1
798,160,281.30,65.08,137.89,397.60,0.5834,-1,-1,-1
798,193,165.78,180.28,30.22,97.90,0.5259,-1,-1,-1
798,187,115.46,171.98,38.70,102.49,0.7269,-1,-1,-1
798,185,68.28,160.73,36.42,121.10,0.7028,-1,-1,-1
799,141,223.72,122.30,73.20,224.99,0.7990,-1,-1,-1
799,120,495.63,1.28,141.88,475.43,0.8824,-1,-1,-1
799,189,394.45,38.97,126.36,385.80,0.7046,-1,-1,-1
799,160,280.14,64.88,138.12,399.37,0.5653,-1,-1,-1
799,193,164.87,179.08,31.32,100.36,0.5618,-1,-1,-1
799,187,111.91,170.37,40.66,105.49,0.7088,-1,-1,-1
799,185,66.66,159.74,36.74,123.42,0.7396,-1,-1,-1
800,141,222.34,123.18,71.03,221.91,0.8194,-1,-1,-1
800,120,480.73,1.47,145.87,475.01,0.8551,-1,-1,-1
800,189,396.70,33.85,124.43,385.63,0.8385,-1,-1,-1
800,160,291.45,58.96,135.82,376.04,0.8002,-1,-1,-1
800,193,161.88,174.99,32.96,103.14,0.7338,-1,-1,-1
800,187,104.29,165.57,42.48,108.52,0.7176,-1,-1,-1
800,185,62.74,156.79,36.89,124.49,0.7689,-1,-1,-1
801,141,221.25,127.62,70.06,223.63,0.8157,-1,-1,-1
801,120,470.79,1.37,150.78,476.77,0.5281,-1,-1,-1
801,189,392.81,33.33,126.77,400.62,0.7888,-1,-1,-1
801,160,295.09,57.34,142.78,381.71,0.7666,-1,-1,-1
801,193,158.17,176.08,33.59,104.05,0.6909,-1,-1,-1
801,187,94.46,165.60,41.67,110.79,0.6878,-1,-1,-1
801,185,58.92,158.05,36.79,125.42,0.7564,-1,-1,-1
802,141,223.40,130.66,67.02,217.36,0.7730,-1,-1,-1
802,120,469.52,1.54,153.59,475.35,0.6798,-1,-1,-1
802,189,391.81,32.29,125.31,402.81,0.7722,-1,-1,-1
802,160,277.12,57.07,140.63,380.34,0.6433,-1,-1,-1
802,193,158.60,175.68,35.41,107.20,0.6891,-1,-1,-1
802,187,86.97,164.10,41.70,114.88,0.6542,-1,-1,-1
802,185,57.18,158.64,36.78,126.12,0.7427,-1,-1,-1
803,141,227.10,131.47,60.64,199.11,0.8261,-1,-1,-1
803,120,470.14,1.55,156.54,477.49,0.6630,-1,-1,-1
803,189,391.62,33.26,123.47,402.35,0.7495,-1,-1,-1
803,160,270.00,58.18,139.60,382.86,0.5338,-1,-1,-1
803,193,157.20,177.18,36.15,108.86,0.6215,-1,-1,-1
803,187,84.50,164.99,39.67,112.90,0.5836,-1,-1,-1
803,185,57.13,159.18,37.44,127.94,0.7008,-1,-1,-1
803,196,200.90,188.78,30.96,83.17,0.7220,-1,-1,-1
804,141,231.17,132.79,60.87,200.82,0.7565,-1,-1,-1
804,120,476.24,1.43,157.27,478.41,0.7691,-1,-1,-1
804,189,405.30,33.17,125.71,408.94,0.7165,-1,-1,-1
804,160,292.04,61.32,146.37,387.55,0.8300,-1,-1,-1
804,193,158.41,179.86,36.40,110.03,0.5422,-1,-1,-1
804,187,84.99,166.40,39.28,115.56,0.4926,-1,-1,-1
804,185,59.81,161.07,37.85,129.02,0.7036,-1,-1,-1
804,196,203.25,189.65,31.40,84.53,0.5799,-1,-1,-1
805,141,236.23,130.74,61.70,203.30,0.7941,-1,-1,-1
805,120,488.47,0.68,148.27,450.33,0.6383,-1,-1,-1
805,189,411.06,32.87,127.25,418.79,0.8363,-1,-1,-1
805,160,305.29,60.10,155.46,398.79,0.7458,-1,-1,-1
805,193,159.72,178.01,36.83,112.16,0.5983,-1,-1,-1
805,187,75.19,161.00,43.66,125.44,0.4996,-1,-1,-1
805,196,206.92,186.55,32.16,86.67,0.7204,-1,-1,-1
806,141,242.25,130.38,63.10,205.00,0.8300,-1,-1,-1
806,120,517.21,0.68,112.21,329.21,0.5465,-1,-1,-1
806,189,421.53,34.89,128.96,426.29,0.8649,-1,-1,-1
806,160,316.89,61.68,163.69,406.31,0.7816,-1,-1,-1
806,193,164.30,176.41,37.65,114.71,0.4664,-1,-1,-1
806,187,73.64,159.60,45.96,129.38,0.7621,-1,-1,-1
806,196,211.91,185.73,32.75,88.65,0.7030,-1,-1,-1
806,182,24.44,145.89,57.01,152.18,0.6764,-1,-1,-1
807,141,248.68,131.37,63.48,201.15,0.8392,-1,-1,-1
807,120,538.64,23.13,95.61,278.10,0.5792,-1,-1,-1
807,189,434.27,37.85,128.70,425.77,0.7887,-1,-1,-1
807,160,327.38,59.86,169.82,409.27,0.6314,-1,-1,-1
807,193,170.74,174.97,39.11,117.75,0.7469,-1,-1,-1
807,187,75.42,157.63,47.31,131.63,0.7757,-1,-1,-1
807,196,216.07,186.41,32.73,89.02,0.6867,-1,-1,-1
807,182,27.69,144.67,55.27,152.18,0.6950,-1,-1,-1
808,141,256.77,131.55,62.87,194.91,0.8165,-1,-1,-1
808,120,563.53,73.36,73.30,211.81,0.8135,-1,-1,-1
808,189,446.86,36.22,128.45,424.03,0.8551,-1,-1,-1
808,160,337.77,55.38,174.05,409.58,0.8345,-1,-1,-1
808,193,177.10,171.89,40.57,119.93,0.7062,-1,-1,-1
808,187,77.46,155.12,47.80,132.58,0.7695,-1,-1,-1
808,196,219.54,184.42,33.06,90.76,0.7183,-1,-1,-1
808,182,33.88,141.84,53.10,154.09,0.6280,-1,-1,-1
809,141,266.20,135.02,64.50,196.48,0.8218,-1,-1,-1
809,189,466.90,33.40,129.23,421.73,0.8561,-1,-1,-1
809,160,353.41,51.75,175.24,400.12,0.5774,-1,-1,-1
809,193,184.97,171.74,42.43,123.34,0.8301,-1,-1,-1
809,187,83.20,156.22,46.78,132.44,0.7443,-1,-1,-1
809,196,228.64,185.38,33.08,91.51,0.7442,-1,-1,-1
809,185,53.79,145.56,42.40,148.00,0.6197,-1,-1,-1
810,141,275.94,137.56,66.00,200.01,0.8347,-1,-1,-1
810,189,478.95,31.50,129.92,416.30,0.8274,-1,-1,-1
810,160,343.58,50.17,172.67,397.66,0.6038,-1,-1,-1
810,193,191.09,173.08,44.16,126.25,0.7030,-1,-1,-1
810,187,88.90,157.10,46.78,135.66,0.7163,-1,-1,-1
810,196,235.43,187.30,33.02,92.12,0.7074,-1,-1,-1
810,185,58.81,145.44,43.34,153.98,0.7106,-1,-1,-1
811,141,283.10,134.67,68.69,209.44,0.8327,-1,-1,-1
811,189,490.09,26.15,133.32,423.72,0.8636,-1,-1,-1
811,160,337.71,45.95,169.67,403.86,0.6247,-1,-1,-1
811,193,192.61,171.70,45.86,129.12,0.7867,-1,-1,-1
811,187,93.13,154.06,46.87,138.71,0.5747,-1,-1,-1
811,196,240.38,185.10,33.25,93.38,0.7311,-1,-1,-1
811,185,63.32,146.53,42.85,152.28,0.4997,-1,-1,-1
811,198,268.53,192.96,19.69,84.29,0.7298,-1,-1,-1
812,141,290.35,131.75,68.28,209.37,0.8550,-1,-1,-1
812,189,496.26,25.03,136.83,431.53,0.8059,-1,-1,-1
812,160,349.86,43.39,170.58,414.66,0.5674,-1,-1,-1
812,193,193.75,171.15,47.77,132.54,0.8084,-1,-1,-1
812,187,95.83,151.32,47.32,142.60,0.7204,-1,-1,-1
812,196,242.81,182.23,34.34,96.87,0.6973,-1,-1,-1
812,185,65.15,145.89,43.48,155.96,0.6795,-1,-1,-1
812,198,271.30,192.21,20.23,86.29,0.6399,-1,-1,-1
813,141,295.05,131.12,67.78,210.16,0.8461,-1,-1,-1
813,189,502.98,28.11,138.52,438.48,0.8331,-1,-1,-1
813,160,357.42,41.01,171.61,426.13,0.8385,-1,-1,-1
813,193,192.38,169.24,49.88,136.21,0.8112,-1,-1,-1
813,187,97.90,151.90,47.16,143.70,0.6552,-1,-1,-1
813,196,242.86,180.51,35.66,100.64,0.6363,-1,-1,-1
813,185,59.51,145.32,44.61,155.35,0.6669,-1,-1,-1
813,198,270.08,194.67,20.53,86.34,0.6112,-1,-1,-1
814,141,300.01,130.43,67.41,210.45,0.8486,-1,-1,-1
814,189,507.54,29.65,138.62,441.98,0.8383,-1,-1,-1
814,160,358.00,36.50,174.94,439.54,0.5977,-1,-1,-1
814,193,190.84,164.47,52.42,141.26,0.8208,-1,-1,-1
814,187,98.90,149.73,46.86,145.58,0.7003,-1,-1,-1
814,196,241.59,177.95,36.97,103.77,0.7299,-1,-1,-1
814,185,55.43,140.91,47.11,159.36,0.7062,-1,-1,-1
814,198,271.96,195.02,20.70,86.03,0.6238,-1,-1,-1
815,141,304.17,132.91,67.17,211.22,0.8165,-1,-1,-1
815,189,511.44,30.22,137.57,443.27,0.8574,-1,-1,-1
815,160,382.64,28.55,183.21,450.86,0.6108,-1,-1,-1
815,193,188.45,162.28,54.66,145.44,0.7415,-1,-1,-1
815,187,98.34,148.38,47.36,149.09,0.6529,-1,-1,-1
815,196,241.37,178.29,37.44,105.53,0.6979,-1,-1,-1
815,185,53.19,141.54,48.55,161.26,0.6794,-1,-1,-1
815,198,272.70,194.61,21.47,88.31,0.6751,-1,-1,-1
816,141,307.75,135.08,66.06,210.73,0.7723,-1,-1,-1
816,189,515.63,27.86,133.15,432.65,0.8741,-1,-1,-1
816,160,370.14,25.46,179.59,454.64,0.6105,-1,-1,-1
816,193,183.08,159.71,56.99,149.44,0.7006,-1,-1,-1
816,187,97.81,148.53,46.73,148.70,0.6948,-1,-1,-1
816,196,238.84,175.81,38.44,109.09,0.7413,-1,-1,-1
816,185,56.65,139.50,48.26,161.13,0.5149,-1,-1,-1
816,198,271.86,192.58,22.14,90.31,0.6536,-1,-1,-1
817,141,311.26,134.90,65.45,210.43,0.8088,-1,-1,-1
817,189,517.56,23.99,131.85,433.12,0.8914,-1,-1,-1
817,160,375.39,11.86,179.18,457.16,0.7703,-1,-1,-1
817,193,176.74,157.32,59.56,153.63,0.7469,-1,-1,-1
817,187,96.04,147.60,46.13,149.01,0.7003,-1,-1,-1
817,196,236.95,173.83,38.61,110.33,0.6601,-1,-1,-1
817,185,57.38,136.82,49.48,166.57,0.4928,-1,-1,-1
817,198,270.61,192.18,21.84,88.56,0.6615,-1,-1,-1
818,141,315.85,133.16,65.04,210.31,0.8177,-1,-1,-1
818,189,519.85,15.54,131.72,439.79,0.8185,-1,-1,-1
818,160,375.82,8.79,176.85,459.15,0.7861,-1,-1,-1
818,193,174.67,156.51,62.19,159.74,0.7518,-1,-1,-1
818,187,93.99,146.13,46.02,151.00,0.7058,-1,-1,-1
818,196,233.26,170.24,39.84,114.33,0.7655,-1,-1,-1
818,185,56.16,134.37,50.57,171.02,0.3471,-1,-1,-1
818,198,268.89,188.79,23.30,93.65,0.6999,-1,-1,-1
818,199,290.49,178.32,24.33,91.27,0.7278,-1,-1,-1
818,182,12.80,135.97,57.11,167.66,0.6359,-1,-1,-1
819,141,318.67,131.05,63.91,207.21,0.8327,-1,-1,-1
819,189,524.08,11.00,131.24,448.78,0.8776,-1,-1,-1
819,160,386.28,6.95,173.94,461.60,0.8688,-1,-1,-1
819,193,171.41,156.85,64.29,163.87,0.7696,-1,-1,-1
819,187,91.78,145.67,46.11,153.41,0.7341,-1,-1,-1
819,196,230.10,168.26,40.96,117.92,0.7896,-1,-1,-1
819,185,57.76,133.15,41.33,135.32,0.3453,-1,-1,-1
819,198,267.75,188.40,24.36,96.92,0.6747,-1,-1,-1
819,199,290.90,178.85,24.62,92.00,0.6379,-1,-1,-1
819,182,4.76,137.56,57.89,168.24,0.7192,-1,-1,-1
820,141,317.11,131.14,64.18,207.23,0.8128,-1,-1,-1
820,189,529.00,10.67,130.94,462.46,0.8741,-1,-1,-1
820,160,399.67,7.30,175.04,468.64,0.8326,-1,-1,-1
820,193,160.67,154.92,68.38,171.82,0.7142,-1,-1,-1
820,187,84.60,146.00,47.05,157.89,0.7490,-1,-1,-1
820,196,224.65,169.45,42.32,122.06,0.7659,-1,-1,-1
820,198,263.81,189.41,25.48,100.45,0.7275,-1,-1,-1
820,199,286.76,182.00,24.79,92.06,0.6394,-1,-1,-1
820,182,-0.94,141.66,56.16,167.31,0.7159,-1,-1,-1
821,141,314.00,129.66,64.21,205.69,0.8151,-1,-1,-1
821,189,533.63,10.23,128.11,467.98,0.8854,-1,-1,-1
821,160,400.71,4.65,174.82,474.42,0.8161,-1,-1,-1
821,193,151.15,149.93,71.27,178.28,0.7663,-1,-1,-1
821,187,77.90,143.80,47.15,158.67,0.7889,-1,-1,-1
821,196,217.94,167.07,43.32,125.36,0.7414,-1,-1,-1
821,198,257.51,187.92,26.31,103.05,0.6725,-1,-1,-1
821,199,281.56,178.81,25.78,95.01,0.6405,-1,-1,-1
821,182,-6.19,138.58,54.17,170.42,0.7424,-1,-1,-1
821,185,36.29,129.03,53.26,176.64,0.7396,-1,-1,-1
822,141,313.83,130.30,65.84,206.11,0.8356,-1,-1,-1
822,189,540.99,11.08,123.31,469.03,0.8535,-1,-1,-1
822,160,407.11,4.18,173.46,476.05,0.8657,-1,-1,-1
822,193,140.18,145.47,74.53,185.87,0.8066,-1,-1,-1
822,187,68.64,141.87,47.96,161.92,0.7520,-1,-1,-1
822,196,210.68,166.36,44.21,128.27,0.7998,-1,-1,-1
822,198,251.34,188.53,26.97,104.84,0.7227,-1,-1,-1
822,199,275.32,177.68,26.60,96.85,0.6780,-1,-1,-1
823,141,313.87,135.38,67.50,206.42,0.8052,-1,-1,-1
823,189,548.57,12.91,117.54,467.85,0.7656,-1,-1,-1
823,160,418.69,2.67,170.67,474.16,0.8634,-1,-1,-1
823,193,132.14,144.13,77.35,191.99,0.8536,-1,-1,-1
823,187,64.00,141.99,48.79,165.70,0.8119,-1,-1,-1
823,196,206.68,167.19,45.69,132.77,0.7768,-1,-1,-1
823,198,249.15,185.62,29.04,112.39,0.7212,-1,-1,-1
823,199,273.67,175.91,28.54,102.96,0.6376,-1,-1,-1
824,141,313.92,136.74,68.43,206.84,0.7841,-1,-1,-1
824,189,551.90,9.03,111.58,461.64,0.7304,-1,-1,-1
824,160,435.00,0.77,171.31,478.50,0.8450,-1,-1,-1
824,193,120.95,139.78,81.22,201.07,0.8518,-1,-1,-1
824,187,57.83,141.52,49.04,167.63,0.7654,-1,-1,-1
824,196,199.45,164.60,47.16,137.89,0.7686,-1,-1,-1
824,198,245.05,181.24,30.36,116.59,0.7711,-1,-1,-1
824,199,268.78,174.96,29.08,103.52,0.7262,-1,-1,-1
824,185,11.90,126.10,57.61,192.75,0.5985,-1,-1,-1
825,141,314.68,136.65,69.07,206.46,0.7868,-1,-1,-1
825,160,452.92,-0.39,173.11,480.54,0.8730,-1,-1,-1
825,193,106.03,136.89,87.01,211.78,0.8595,-1,-1,-1
825,187,50.65,138.93,49.98,171.55,0.7612,-1,-1,-1
825,196,191.51,160.44,48.81,143.02,0.7697,-1,-1,-1
825,198,240.83,180.87,31.82,119.94,0.7782,-1,-1,-1
825,199,264.90,173.90,29.97,105.58,0.6912,-1,-1,-1
825,200,388.32,113.27,68.86,240.97,0.6582,-1,-1,-1
826,141,314.56,132.54,69.18,205.50,0.8166,-1,-1,-1
826,160,464.15,-0.61,173.40,480.84,0.9123,-1,-1,-1
826,193,94.57,131.69,93.27,223.33,0.8859,-1,-1,-1
826,187,43.89,133.61,51.25,176.44,0.7049,-1,-1,-1
826,196,183.67,154.36,50.37,147.67,0.8043,-1,-1,-1
826,198,235.37,176.61,33.60,125.09,0.7521,-1,-1,-1
826,199,262.20,171.88,30.13,105.33,0.6679,-1,-1,-1
826,200,387.17,107.87,74.13,258.57,0.5910,-1,-1,-1
827,141,312.37,131.64,68.75,204.19,0.8229,-1,-1,-1
827,160,471.03,-0.41,172.84,480.84,0.8848,-1,-1,-1
827,193,75.11,125.87,99.21,237.66,0.8609,-1,-1,-1
827,187,32.10,130.74,52.08,181.03,0.6745,-1,-1,-1
827,196,168.80,154.87,53.40,153.47,0.8150,-1,-1,-1
827,198,225.58,178.31,35.43,130.07,0.7613,-1,-1,-1
827,199,254.96,173.22,31.10,107.93,0.6817,-1,-1,-1
827,200,382.65,110.62,77.54,268.85,0.8236,-1,-1,-1
828,141,312.02,131.53,68.63,204.34,0.8255,-1,-1,-1
828,160,478.86,-0.04,170.76,480.10,0.9011,-1,-1,-1
828,193,62.75,118.79,103.40,249.05,0.8611,-1,-1,-1
828,187,27.89,129.96,53.63,184.28,0.6804,-1,-1,-1
828,196,159.60,153.66,56.06,157.85,0.7980,-1,-1,-1
828,198,220.01,177.76,36.89,134.53,0.7917,-1,-1,-1
828,199,250.96,173.01,32.08,110.11,0.7179,-1,-1,-1
828,200,380.96,112.85,79.61,273.70,0.7755,-1,-1,-1
828,201,286.63,175.82,30.14,99.97,0.6317,-1,-1,-1
829,141,314.33,130.93,68.50,205.67,0.8097,-1,-1,-1
829,160,489.74,-0.04,167.20,480.34,0.8759,-1,-1,-1
829,193,53.51,112.00,107.32,261.00,0.8514,-1,-1,-1
829,187,22.29,127.65,54.27,187.20,0.7467,-1,-1,-1
829,196,153.57,150.16,59.05,166.32,0.8736,-1,-1,-1
829,198,215.85,175.74,38.49,138.63,0.7384,-1,-1,-1
829,199,248.07,169.64,33.99,114.72,0.6903,-1,-1,-1
829,200,385.57,113.28,81.80,277.48,0.7912,-1,-1,-1
829,201,288.93,172.96,30.58,101.24,0.6963,-1,-1,-1
830,141,317.53,136.35,67.48,203.97,0.8561,-1,-1,-1
830,160,499.46,-0.52,162.76,480.88,0.8586,-1,-1,-1
830,193,33.22,108.63,113.96,274.99,0.8581,-1,-1,-1
830,196,149.19,150.48,61.16,172.79,0.8621,-1,-1,-1
830,198,211.85,175.67,40.49,144.55,0.7117,-1,-1,-1
830,199,247.48,173.55,34.24,114.18,0.6785,-1,-1,-1
830,200,388.94,117.46,82.53,275.99,0.8317,-1,-1,-1
830,201,292.27,174.68,30.92,102.16,0.7839,-1,-1,-1
831,141,317.76,138.46,67.12,205.36,0.8277,-1,-1,-1
831,160,508.10,-0.53,157.27,479.72,0.8642,-1,-1,-1
831,193,15.97,104.81,120.24,289.22,0.8527,-1,-1,-1
831,196,141.22,146.08,63.74,180.88,0.8517,-1,-1,-1
831,198,206.64,172.03,42.61,151.53,0.7437,-1,-1,-1
831,199,243.33,171.44,35.44,118.21,0.7144,-1,-1,-1
831,200,387.75,116.57,84.48,278.60,0.8370,-1,-1,-1
831,201,290.50,174.33,31.11,102.12,0.7749,-1,-1,-1
832,141,313.78,135.61,66.76,205.36,0.8395,-1,-1,-1
832,160,520.70,-0.08,150.31,478.86,0.8524,-1,-1,-1
832,193,-3.57,91.80,129.46,316.57,0.8791,-1,-1,-1
832,196,126.80,136.52,67.06,189.89,0.8307,-1,-1,-1
832,198,194.08,164.81,45.39,161.40,0.7894,-1,-1,-1
832,199,235.15,165.17,37.58,123.47,0.7619,-1,-1,-1
832,200,381.20,111.01,84.85,277.18,0.8540,-1,-1,-1
832,201,284.69,168.41,31.88,103.75,0.7869,-1,-1,-1
833,141,311.99,134.01,66.55,205.79,0.8310,-1,-1,-1
833,160,529.98,0.14,143.37,478.34,0.8372,-1,-1,-1
833,193,-12.68,84.06,129.70,324.11,0.8577,-1,-1,-1
833,196,114.39,131.38,70.85,200.26,0.8619,-1,-1,-1
833,198,184.67,162.42,47.27,166.34,0.8043,-1,-1,-1
833,199,229.14,162.83,38.85,126.96,0.8047,-1,-1,-1
833,200,376.60,107.99,84.67,273.84,0.8535,-1,-1,-1
833,201,279.03,166.44,32.55,104.72,0.7796,-1,-1,-1
834,141,313.38,130.70,65.61,202.30,0.8309,-1,-1,-1
834,193,-19.88,78.89,126.12,325.73,0.8878,-1,-1,-1
834,196,104.15,127.43,73.95,207.72,0.8691,-1,-1,-1
834,198,176.73,160.34,49.88,174.46,0.8355,-1,-1,-1
834,199,225.40,159.34,40.69,132.19,0.7557,-1,-1,-1
834,200,375.65,105.17,85.04,273.29,0.8748,-1,-1,-1
834,201,275.57,166.69,32.79,104.30,0.8086,-1,-1,-1
835,141,313.93,127.60,65.65,201.56,0.7938,-1,-1,-1
835,196,91.98,122.79,79.81,223.93,0.8828,-1,-1,-1
835,198,169.17,157.00,53.54,184.56,0.8136,-1,-1,-1
835,199,222.20,158.19,42.40,136.20,0.7634,-1,-1,-1
835,200,375.17,104.36,86.39,275.98,0.8716,-1,-1,-1
835,201,275.79,166.99,32.66,102.39,0.7934,-1,-1,-1
835,187,-7.28,109.77,81.03,287.48,0.7039,-1,-1,-1
836,141,318.81,125.43,64.93,197.71,0.8521,-1,-1,-1
836,196,82.00,117.12,85.19,238.10,0.8688,-1,-1,-1
836,198,164.81,152.21,56.34,194.15,0.8416,-1,-1,-1
836,199,222.23,154.95,44.35,140.32,0.8356,-1,-1,-1
836,200,376.84,104.77,87.68,278.29,0.8711,-1,-1,-1
836,201,275.69,167.11,32.68,100.34,0.7786,-1,-1,-1
836,187,-6.75,107.79,68.78,248.55,0.7720,-1,-1,-1
837,141,326.77,127.23,63.51,191.01,0.8317,-1,-1,-1
837,196,74.01,112.58,89.96,250.65,0.8547,-1,-1,-1
837,198,160.37,146.94,59.37,205.46,0.8648,-1,-1,-1
837,199,223.39,151.92,46.85,146.69,0.8130,-1,-1,-1
837,200,381.10,108.08,88.60,279.29,0.8626,-1,-1,-1
837,201,277.42,167.57,33.66,100.88,0.8119,-1,-1,-1
837,187,-9.59,109.14,60.79,229.84,0.6788,-1,-1,-1
